pca_1,pca_2,cluster_id
-0.7973017595338391,-1.808107176071769,4
-1.8802657970475976,-1.0884419901580704,4
-1.268665616845091,0.3573490177513987,1
0.18910721750501794,-1.5462555523979844,4
-0.8063140374671677,-1.9975756171608023,4
4.005583048360966,0.3682249820719927,3
-1.525232790105245,-1.2589391716523746,4
4.019020369561582,-1.3487051100847134,3
-2.1620602014796915,-0.6971848851836213,4
-2.439170449893611,-1.3602633234889279,2
-0.8726424192959569,-2.4074559620495433,2
4.502804325930777,-2.7120205388995258,3
-0.6762616300909163,0.361565368629003,4
-1.1452742413611616,1.3207263864068455,1
3.8915770260706046,-0.49449941884207077,3
-0.3836591738754586,-0.31192833189332725,4
-2.2890956190178975,1.4351933081657098,1
3.694328461975113,-0.35045560779151014,3
-0.5671602960200256,-1.8307779479587214,4
-0.1671933728443703,0.9444909521745203,4
-1.0874278916550906,-0.4005994193173308,1
-1.9444760109154682,0.2720249481690388,2
-0.5048783047963111,1.223072217692462,4
3.1789604333754506,0.7643730921699542,3
4.541104572343083,-2.025182378242915,3
-1.6548044203268093,0.7325131365519595,4
-2.159966659353912,-0.8518942658408738,2
-0.5399531411310969,0.022571826669623714,1
-0.19501947690449123,-0.17981820266048806,4
-0.5787718344273908,-0.978735549848879,4
3.925348048647182,1.7507847085298847,3
4.159768361490097,-1.7800240166475443,3
0.05463234762368297,-1.4564730254626252,4
-1.252192535605767,-0.8920748184291232,4
4.106854600295558,0.908132040229149,3
3.4791527838397416,-2.584310615945487,3
-0.37388933709647004,0.623966847540105,1
-0.9685852388365981,0.44792358954982353,4
-2.9677835388686167,1.728101930492222,1
4.036801517401771,-0.6395064632533997,3
-1.7643959288663549,-0.3237335404317343,4
3.627666153623895,0.4247581896326715,3
0.08420807819913255,0.23278381999322714,4
-1.5177773890631368,-1.740395319387218,4
-2.316473318511634,0.38410963759371836,1
-1.357435635917146,0.7158043766114173,4
-0.674482447561581,0.7441089213131291,1
-2.1922326475185194,2.5234246150487287,1
-1.1957527590097168,2.762347735822907,4
3.408738897696913,0.538054169010179,3
4.493386635865806,-1.256544111899749,3
-0.9389398975514074,-1.2353617759934337,1
-0.17133139277799012,0.84140991102371,4
3.9793617722897943,2.1449743410238318,3
-0.6702621743315822,-1.3434546878369784,1
3.578681227028648,0.7087028137920035,3
-0.010832079959302469,-0.44758287150530557,4
-1.4171811519597453,-2.383224206250853,2
-0.12283415633946707,-0.278670585731012,4
-1.77303130426482,-1.0680464802823306,4
-2.2878810640930336,-0.20960546433186866,2
-2.1626563565321075,0.049766400136292535,1
0.13457595536812517,-1.0753179404390711,4
-1.4237005787785109,-0.7899100957162901,1
3.5637281606048883,-0.9308983539592922,3
-0.6651442763496936,-1.4544380025242867,2
-0.8204996304887832,-2.066459148553778,4
-0.568796241560824,0.30490610473806096,4
4.0613441548117954,-1.0350023317474182,3
4.0379546734621705,0.7637124973390309,3
-0.3034237438785373,-1.696335938590036,4
3.13989280427095,0.5589280687064428,3
-2.116322023878103,1.4148165087487512,1
3.956060591822958,0.09130379762281474,3
-1.8219157981974583,3.2032968690835455,4
-1.1545807007761804,-0.916125460305772,4
3.4850430214997203,0.1719270124038946,3
-2.3963475441658644,0.2080316858114704,1
-1.772813290631715,-2.4701964676076447,2
-0.7783795727618192,-1.1401581198285244,4
-1.9299231357187028,1.2359986629391033,1
-0.5957768054179085,0.972572204354099,4
-1.5355739696650694,0.8422372381293539,4
-2.0622715249764507,-1.5937936215058006,2
-0.5957876203212475,1.3624654014250392,4
-0.04354231343969514,0.07607038413743723,4
-2.4909502590051384,-2.343183139382458,2
-1.0799191872795724,-0.3777400172879619,4
-0.6547399393992177,-1.6784406937703544,4
-1.453003584341143,0.7860067969595809,1
3.3470792333503603,-0.3334367190269858,3
-2.310915920924315,2.9309656825663333,1
0.9110541670332761,-0.9206701402281467,4
-0.8012977424805668,3.9650542020891644,1
-1.5721308895129562,1.2345940381574076,1
-0.8550069156060439,-1.4143960687103978,4
-0.7756112424336526,-1.0317259459894466,4
0.2503070881874417,-2.8376010538816367,4
-0.5852131372843903,-1.2716981728253318,4
-0.4065471440201498,-0.07831947778318316,4
-1.5811182996205686,1.267493355277226,1
2.7198704197690917,2.6040983093297267,3
-0.5849981057777198,-1.3305400724064178,1
-0.9931829482604931,-1.5441729194879406,4
-0.3265227239355924,-3.325991047517338,4
4.470966863097417,-1.1849190083555814,3
2.350044842929433,-0.07855118504151783,3
-1.6990033827004907,0.5179521533008113,1
-2.931460847771802,2.0272713940846594,1
-1.3326640319745797,-0.5375720878141238,4
-1.3268456274126308,-1.6489747937424033,4
-0.5894643770621055,-1.0570165157943645,4
-1.3677426348715387,1.8678334599477995,1
0.03572507917617292,-2.0536659624422504,4
-1.3503425074059596,3.1503043837561964,1
0.2821439802143345,-1.0276800635460202,1
-0.7573849770970038,-2.169876097229609,2
-0.8952563243242972,-0.3580239985546492,4
-2.080378568852592,0.3430239673694675,1
-0.9111647985136703,-1.0159236757351688,1
-1.477940076945738,1.2714286372256722,1
-0.6938234193592658,1.1104480989446104,1
-0.24419870365411878,-0.668481220002147,2
-2.12131992716391,1.0844156569878687,2
3.999058915159953,0.8601824536915719,3
-0.9871526797813749,0.6665685202971243,1
0.5185876985037093,-2.2827375423095275,4
-0.6467630381206056,-1.8911054233625773,4
-0.6665640000267795,0.1485015090720632,2
-0.5987091803344173,0.10822892455857593,4
-1.4150026216193925,0.15792910053053102,1
-0.22031907248852953,-3.4932480399140498,4
3.4515175353303222,-0.4234645578846568,3
0.516983596932633,2.6778860451190587,4
-1.3743912844583999,-0.5630623835167462,1
0.03492563123281823,-0.23678545651183106,4
-1.5191936999224067,-1.0321638615404751,1
0.46026403042350267,3.7931136807710124,4
-0.4406042726829983,0.4921380440561455,4
-0.48963531329299614,1.0438740067928962,1
-1.7140501407271869,-0.27016660294576217,4
-1.103175264826717,0.7557290332662593,4
0.018355581518613728,0.8782744418826532,4
-0.9141208156239033,1.6337560365254102,4
-0.43814799433439916,-0.515563488627429,4
-1.540816377288176,0.5602411006902869,1
3.656750938275082,-1.0686980146011444,3
-1.0191203465060066,-0.9398212455585496,1
-0.6253811815348225,0.4254030196544932,4
-1.0440919320711584,0.6800481182892701,1
-0.3652749277220169,-2.6596423217551397,1
-0.9394044610281411,1.581183012481521,1
-1.797343043148856,4.097295169007179,1
-0.9118307420021949,-1.789336619268329,4
-0.2869491535545316,-2.43697410213278,1
3.188522728095987,2.368181738695185,3
4.085374476229456,3.662732841390429,3
1.0639261287426616,1.6436722183758765,4
-2.0512142085194607,-0.9796902421880092,4
-0.06279788619722773,-0.3145713186420686,4
-1.3226887785513595,-0.487515466776675,2
-0.740977663412479,-0.3184041854361275,1
-0.6174952218389979,-0.8101594586065598,4
4.056649736295601,-0.44578440064131813,3
-0.28451061781591147,-1.922758910036183,2
3.999912553762274,1.2306613671751743,3
-0.9390136963500498,-0.29412028740178375,1
-0.11200622792404341,-0.11214469490382588,4
-0.186013083730425,1.9111074074541063,4
-1.658031304623285,3.3515006052794365,4
-1.269717474314461,1.7081351109432819,4
-0.9464895234733192,-0.3201218038251214,1
0.6805912136566616,-0.7685403402980588,4
-0.648510921629288,2.1147897703243497,4
0.10221315697381848,0.16326331415567663,4
-0.31203354560293084,0.6016081241750345,4
-1.540341731892584,3.756761485279828,1
0.4754598128752004,-0.08598826442518827,4
3.787040350106698,1.3739834801740385,3
-0.21459650903095925,-0.17438234296346686,4
3.9548412444452974,-0.7378946640313208,3
-0.6766233687464163,-0.4786789344030645,2
-2.1887825971973376,6.13889692740841,1
3.7937062991833246,0.5416130902160009,3
-2.0650799947707115,1.89483169791713,4
-2.2824441613451927,2.1124949679598983,1
3.8930390779984045,-1.5070001982790777,3
-0.7120028329392152,-0.18146486019813735,1
-1.0839124571676126,-1.651693772570806,4
-1.4882554111310655,-0.05648871303007351,1
-1.6048087620094231,0.024335971336520188,1
-0.9317302804581782,-0.9691750624252791,4
-1.626928122289132,-1.7580351075481455,2
0.6604986253088371,-0.4868535258858193,4
-1.0367042557786899,-0.34289260766381424,2
-0.09658514122109006,-0.33268951030867416,1
-0.7665875557914607,0.23964412164158638,4
-0.26008764591159284,-0.30827754912340155,1
-0.909221115171872,4.68671346607288,4
-1.2731602041656156,4.428287566885379,1
-0.28667792596264563,-0.7742211589516277,4
-1.8090084588324553,-0.5082294278895504,1
-0.6794940605943713,2.7097418407083143,4
4.083515173390612,-0.726970749832789,3
3.371102548993826,-0.32110750433335083,3
-0.28142332593643504,-1.3921915535569533,4
-1.4457389289159341,2.90958350508451,1
-0.49960294975249026,-1.015580734899136,4
-0.44345483412890746,0.7035477018377597,4
-1.853704003674672,-1.974055261829007,4
-0.5661598570649897,-0.09965669330802139,4
-1.8105270370254052,0.2476830588686197,1
-1.7602102359811251,-3.738750478285671,4
-0.5061611833127567,-2.399204914805201,4
4.020406067710367,-2.1830797390327383,3
-2.331818390736242,-3.2868605018722112,2
-0.21233146344338052,-0.9627660807860581,1
-2.068376662329715,0.6612422846931129,1
-1.0192868896186593,-0.7619355891522286,4
1.0369680699126735,-0.3875081131089903,4
-1.2078946266628572,-0.05656544571378869,4
-0.1267616699057589,-2.3704372708609505,1
-2.1400757779873945,3.963740521801456,1
3.838550956007278,5.457118406444148,3
0.08240978976121646,-0.07458194175152164,4
-0.5556937104752139,-1.1986507130359423,4
-0.3854803964534969,2.067785773832388,4
0.9075225676312749,-1.0236811345480539,4
0.9916930636630666,0.21576656071778308,4
-2.1549514142129724,-1.2801854647816628,4
-1.137606729389862,-0.6315606389728818,2
-1.3389180192799086,0.3725150290156517,4
3.9468491742236087,-0.23841627646766725,3
0.6563835683923142,1.0150788361722813,4
-1.781670984157505,1.0537806574711466,4
-0.1761838730492871,3.858389173696753,4
-0.806569843595748,-2.511781173957078,4
-1.5663121704979788,2.333554260907391,4
-1.8665584840747047,-2.349178126068366,2
4.073967341294733,0.01333474265912284,3
0.3962009731864506,-2.9407520930493547,4
-1.16204456095843,0.5796347414887603,4
-2.1561566561139043,-0.3992415293508913,4
-0.09739468444132966,2.128417794204442,4
-1.765460737513172,-2.3224899179057226,2
-1.50411440997161,1.8519696300047759,4
-1.7059748123551426,4.828401869745642,1
0.25904935411002034,-0.8433875462608041,4
-0.4670193756462447,1.835273325144145,4
3.491680578143337,2.5544984398816566,3
0.061333002444513396,-1.1342059079343998,4
0.1944802794364138,-3.0849764628651117,1
-0.37882629306331467,-2.4350978639237364,1
-2.16954828330346,0.6948031792126226,4
0.9570835869573596,-0.822160677229374,4
-0.9965466048571858,-1.0716043367861325,4
0.871777713317984,-0.03600079412638369,4
4.095002353585151,-0.25524237340032413,3
3.7992645369412212,3.0505013218027703,3
4.0678140209035805,-0.7666839026694863,3
-0.68435378622827,-0.27763981285042916,1
-0.9740777715900742,-1.7627366555608261,1
-2.030769080025869,1.4560130700089575,1
3.9552230609248142,0.10710204235095047,3
-0.4176546141302434,1.0801881190199414,1
4.021820938764842,-0.08048252551138489,3
3.962856524742651,-0.901061509613328,3
-0.4728804396318893,-0.024262868361739943,2
-0.05147048624408606,-1.4156540926994161,1
3.4463682050959616,0.5569792691490202,3
-0.6847409374435726,0.40009609973113214,4
-1.79776858786412,-2.270518818569715,2
-1.092337567083929,-2.083066414267242,4
-0.09580115282636055,-1.36124108964181,1
-0.6482188495382537,1.9039701041398518,4
3.92729550770743,1.3914555465717553,3
4.258578264865275,-0.9759735888900453,3
-0.044207638955965536,1.3043393734443391,1
-1.0034179596203707,-1.4944913618748248,1
-0.24100807784271008,-2.07670511835788,4
0.9631974183397696,-1.1116959047589112,4
-0.8781001327414573,2.618514547805046,1
-0.695457183804675,-1.677414494011699,1
-0.7059705242890105,0.3642363355892575,4
-1.27641796210188,-1.1823593505335177,4
-0.9389762144513968,1.8379322643264873,4
-0.4261205609976134,-2.2721117406222175,4
-1.7405964260666995,-1.1132623692621513,2
-0.9839310876088746,-2.176201974440679,4
-1.831458657610804,-1.4110167081876848,1
-0.0662692397708114,-1.7330490018326052,4
-0.7213794569077797,-2.33347695439438,4
-0.7403010537818367,4.023831198970486,4
-1.0711115486925875,-3.071474139237487,2
-1.7825085549961779,-2.5060973301351015,4
-1.18934794809309,0.23638107531130434,1
-0.2568110130263654,0.1297457353186875,4
0.17759149280508665,-0.5713230702493748,4
-1.0554814645689683,1.4958289988439726,1
-0.2385090894245987,1.3668038846054453,1
-0.7380394124426768,-1.1928268803863649,4
0.042183332191617226,-0.5009314430019868,4
-0.6303781705798098,0.6757122174079699,4
-0.31433933913707945,-0.21433960131060364,1
-1.1522592411703616,-1.1462392440053837,1
3.983616160927239,-1.4272627587553184,3
0.04236963321143539,-0.5571273351890547,4
-0.17051869726010271,0.895030166386367,4
-0.91906301397295,0.007990187964272904,4
-0.8615082915036067,-0.10973518553300556,4
-1.1669387727805935,3.49614854436917,4
-0.2778206185111833,2.1646677526929397,1
4.467382015545102,-1.5244320305948884,3
-0.2824549546848259,-1.4648638530995364,4
-0.01286038640616207,-1.4667565553053943,4
-1.279069174736742,-3.607228337152509,4
4.237880006819165,0.4754971778311853,3
4.046216443044603,-1.011258046792184,3
-0.8426525387018506,-1.892432914990638,1
-1.4231031031879025,-0.22321084560683577,1
-1.909283670901686,-0.4119532198013899,2
-1.0102905692558308,2.784715697962007,1
-1.9654042982953726,-0.6473565554598181,4
-0.08773185721867519,-0.33813660977264676,4
4.365495933554641,-0.2580058734904203,3
-1.0957059804078937,0.16410318259371587,4
-0.6577467948006022,-2.3389508326845774,4
0.312223166554473,-1.4175314111309907,4
0.0037505012381710283,-1.5745745566731035,4
-0.4969575718124025,-1.7957455867102547,2
3.9433509230663875,0.9623431369408547,3
0.2529677395684105,-0.3808431814886464,1
-0.24989240998345286,-2.7165432941020424,2
-0.3851553544569907,-1.1479710514659314,4
-0.9042738543654649,-0.6990754801882723,1
-2.0303876721721146,-0.24842323817854528,4
-0.15830345858005146,-3.542004648361028,4
-2.416369010070094,0.7510676115001113,1
-1.290670581173284,-0.1932984518869157,1
-0.9354835760056691,1.6689679427245188,4
-0.6534005856971411,2.550166514311642,1
-2.2003724560242683,0.8775661000971602,1
-1.5205780059681768,1.1842495802851762,1
-0.6475026396696193,-0.5959572082765886,4
-1.5993893238401022,3.687723072207727,1
2.555195670520071,0.6498040050874889,3
-1.9758324670101437,-3.5435811505033192,2
-1.0703750959439726,3.2577951294237026,4
0.060424025746594646,4.047983903057911,1
4.106982539715262,0.11277610825896353,3
4.141665542785185,-1.2550143156995137,3
3.494279493326912,-1.2691575581528538,3
0.6473854977804647,0.3372561436684066,4
-2.1454445564733695,-0.6145666208748413,2
4.0546910587490865,-1.2866347525202118,3
-1.1252609125780266,0.016447533050262777,1
-0.3377435902543933,0.9305561336933175,4
-0.963182336453602,-1.6652327997298149,4
-0.6687435305941112,-2.1181071917776793,2
3.8932867998791814,2.0560709919157243,3
-0.1716679533406404,0.8601224261831322,4
-1.3322019440893118,-1.5262482182298038,2
-0.8974445557082699,-0.014598969452614189,4
-3.8978599527909723,8.871366924991037,1
-0.47858419176679406,-2.078067653715735,4
0.13458068075676236,1.8731214611768985,4
0.23847331982515513,-1.248816921001459,4
0.33599843083266034,-0.27859891381434404,4
4.256065070970163,-0.9131715680735898,3
3.4643213703296345,-0.6281616446469273,3
-1.3943733826561686,3.2905732126800045,4
-0.5221263173115339,-1.3078649477580495,4
4.353370181579049,-0.5717120950372429,3
-1.4374345064598937,-0.3455497695157629,4
-0.8653035189544956,-0.9179031497802166,4
3.929126734155047,-1.3882211016642512,3
-1.0698083412145485,-2.1674590939879255,4
-1.8421832295346083,-0.17781352834087308,4
-0.8248442621264926,-0.21161487296376733,1
4.3847060197812215,-2.0408870249700684,3
0.36177082466390165,-0.6492216552689702,4
0.03300691827506055,-2.5260960907269894,4
-2.2840143896545593,4.9351500274645606,1
0.07040168313071828,-3.1316545218798453,4
-0.015544844368683971,-1.7932024726682845,4
-0.47515070688174366,0.9630980347704575,4
-1.2552262146063529,-1.1117501212919099,4
-1.7724596367804157,1.2330551961244585,1
-0.6331942549553279,-1.280018774313102,4
0.04440711000493176,-0.2224010829330835,4
0.0854210086903958,-0.6376478197799058,4
-0.30968237282249333,0.7438729350463117,4
-0.6909515760506175,-1.2180606423113494,4
2.8439967070553074,3.9825226184671885,3
-1.5836370706161864,-1.479793898066301,4
-0.9812898328394132,2.2232059932599313,1
-0.3128995604452044,-1.2058824785743545,4
-0.8500501226390976,-1.385224517259782,4
-1.647014281360231,0.9675739618420587,4
-0.007437207548633001,-1.8749367571244784,4
-1.5112080648899129,-4.200468774737435,2
-0.586719883639658,2.397834292906818,4
-0.9435472302411203,-0.543122405705327,4
-2.6143380934451934,0.5906896672697227,2
4.413223573673193,-1.1781075750399224,3
-1.21393148379312,1.4766571727143045,4
-0.20743096915723241,0.09525591101074658,4
-1.220504121609036,0.45945270483586026,1
-2.5187614266060336,-1.1305907727930122,2
-0.895952095852553,-1.187681217766106,4
-0.43170292787569825,-1.9323939312048304,4
-1.71571542118628,-2.8641911293058193,2
-1.8059857258248135,0.5880711885350238,4
-1.0678516298392982,-1.2139381661565143,1
-0.5628916624539904,1.6932909446693594,4
4.5675878390571345,-1.109424279633636,3
-1.1422321950280516,-0.19662924184085873,4
-0.8849676907717786,0.2512235657819109,2
-0.9602261606709429,-1.8046436484253605,4
-1.4420693319144609,1.98260170256818,1
-0.35570582956520685,-3.1085799031755523,4
-0.8614682219901546,-1.4936355329193174,4
-0.24656426241977905,3.3045213696634104,4
-1.6286195837153923,-0.318665567487305,4
-0.27316354290579714,2.368230816905533,4
-2.0212684335268847,-0.21202534157383446,4
0.016990369654454055,-0.1693261618205196,4
0.7344199529634818,-0.9152557481869935,4
-0.8945652884643057,-0.6577999277120112,4
-0.26426834630356155,-0.0844342194177907,4
-0.20074027659380037,0.30020941213629676,4
3.8586757474759192,0.948443920430847,3
-0.6758272354939756,0.3809879845209876,4
-2.534525728470938,-0.1533138103114013,4
-1.2501894663588409,-1.3055072372271435,4
-0.4088695306246168,-2.9001150859507505,4
-1.6972393419136553,1.2843925271795853,1
-0.26602744112389415,-0.22827986906249312,4
0.0005545819495043797,-0.00062066485031382,1
-1.5052636868913816,0.43517389750106705,4
-1.0998717134275364,1.1732153004913823,4
-0.967105663631541,1.408815710416888,1
-0.8406356742889506,2.8424558399548747,4
3.097751679766895,2.6019643333871936,3
-1.842253318497858,-0.640064480040731,4
-0.4689780747937538,-1.0724270342367364,4
-0.9930103752170181,-0.4197922661838197,4
-1.4607367072547783,-3.019945496998886,2
3.641358414838252,-0.06665571953030885,3
-1.0785340013853526,2.3633661737810185,1
4.32679064581565,0.5973141837498656,3
3.3976425573400393,1.932708903062625,3
-2.4891309241169117,-0.11823077707839434,1
-1.2719052729777298,1.5456889815545594,4
-1.6479443181582296,1.207096966623925,1
-0.6060161478327564,1.0513770211547413,4
-0.11497346334538561,0.560625247819688,4
-1.7037599451821275,-0.3220124335506629,4
-0.046176096456756854,-0.8843679467326218,4
3.9942083313786214,-1.096249988568329,3
-0.8822201793597654,-0.2083189457435472,4
4.149885718287355,0.049986673421045,3
3.995497883027871,2.0162736655752123,3
4.052695259887122,0.2972140773924149,3
-1.8725049761565817,-0.7030754720007699,1
4.058185688053965,1.1863618038174493,3
-1.8994271078402722,0.32086455638844513,2
-0.7858057314273919,-3.039151618658815,4
-0.18684770001878317,0.3974274227673978,4
-1.0593275571202578,-0.6789076766830082,4
-2.2626353638842023,5.04197653286294,1
2.7797144157813953,-0.19929641149411334,3
-0.7884607026731643,0.9574293464244188,4
-1.5998155830103518,-0.6613698813826122,4
-0.49644350174679036,0.45544289228091756,4
-1.0906432257672325,-0.15543354998232717,1
-1.8953075820334777,-0.36584242010806256,1
0.28756381145131643,-0.06545374714083181,4
-1.3300950943576013,-0.8562833735924426,4
3.3607995798081847,-0.4208688646561275,3
4.3430519203984215,-1.0376669400033196,3
-1.4921434313367399,-3.5475164107839645,2
-1.7992269949939577,-3.1589483781512007,4
-0.9551398997899986,-0.8387137595040385,4
-1.309274567440241,-2.786098412848814,4
-0.3683641464124442,-0.818950755001273,4
-1.0708277666191495,-3.105986506414144,2
4.226000204477789,-0.6745271825443677,3
-0.9605136180952362,0.25174002037712695,1
0.03973043960780518,0.31274739571630394,4
-1.7930367747563907,-3.0731792431370812,2
-1.4931387002229857,-3.3472624686990993,1
-1.2518898184136418,0.004596355674758937,4
4.0781313546739595,3.095727772122151,3
-0.9265563992337881,-0.8681753650535554,4
-1.082294344006386,0.36782009062311377,4
-0.9261038947330522,0.1502483797026681,4
-0.01268546359429823,-0.0659265988121904,1
0.41992840884869836,-2.0550130061599337,4
4.144970317007711,-1.6386678185272257,3
-1.1374673426144826,-0.8795169129476478,1
-0.6533589049583477,-0.3530264837134632,4
-0.41881723963721795,-0.19017732784722385,4
4.050546595870032,0.8580265766692189,3
-0.7182052208040749,0.7554114379174461,4
-1.0651195219155787,-1.2870724603981407,1
-0.7975912525172562,-1.877084087233679,4
3.890312643254325,2.7629660198205763,3
-2.664387899822214,-1.1219298781596052,1
4.02559755049588,0.2934605528315658,3
-0.6741090276118777,2.5135206660471385,4
-0.8310207312937291,-0.9836184643550734,4
-2.3693777428579414,1.1607249428971425,1
-1.5667520404801087,0.6016697059324956,4
4.154464440899676,0.9224990907792213,3
3.9420636426794857,-0.8961922749805247,3
-1.0584400727832737,-0.4390457440197549,1
0.06899116190997785,-1.6105263170882274,4
-1.2298535677545883,1.9349106864414245,4
-0.23961868872070308,-0.39084451490358896,4
-1.3002759423926764,-1.5784565664714894,4
-0.990565211783585,-0.9770705869886477,4
0.1293930410141095,1.225270389917671,4
-2.1200589010611925,2.994000087164143,1
0.7643561758810443,0.7089789581421166,4
-0.40265525797020835,0.9569532160708971,4
-0.9020122920975822,0.3256659941017846,4
-0.39662609289418793,-0.43840580327349693,4
-1.8265427742988773,-2.7850163202731535,4
0.995101222850526,-0.12775393455905187,4
-0.1568872386627764,3.148967888754732,4
4.364297380726899,0.038336110820275826,3
0.31210150678511567,1.9477772144671799,1
0.6895151663954427,-1.2130742517997282,4
-0.23279508941733373,-2.102168232188171,4
0.33297622143939526,0.767730914821556,4
4.076666404969236,0.9672692985541327,3
-0.14506396610311956,-0.026302301727521578,1
-0.535462825997777,1.4252516565575841,4
-0.6736425118291359,-1.9593317296858124,4
4.141364635355691,-1.1628635283518254,3
4.133731827439967,-0.7422510793487959,3
-1.6388848729940073,-1.660310901629899,2
3.964418763172089,0.5688569390236738,3
-0.9875450717347475,1.1122307830178095,4
-1.2707606328113488,-1.538454142513102,4
-0.6644355861296064,2.6995288703641798,4
-1.4993747103945487,1.0395769730527813,4
-1.3901227045372868,1.8597212955415225,4
0.2582457828585153,1.877530740672754,1
-1.5165738483386682,-1.7189059116032561,4
3.3582161383979936,1.8285317181038552,3
-1.9213237567478807,2.809281985398847,4
-2.8183188583506484,2.965371578608238,1
-1.429549152093558,0.5112709295454382,1
0.6225065952455783,3.346282251678124,4
-2.2343702940700316,1.9117847156586507,1
-0.8980565944156785,-0.13730525081495798,4
0.49257388619809694,-1.0241235216096962,4
-0.7201303060221604,-2.185882706045123,4
-0.6800590725041312,-2.117465799773119,4
-0.6990005465857657,-0.9551449457033427,4
-0.6924222476570425,-2.187967498945127,4
-0.6095859002249225,1.208762527479298,4
-0.11321654729396363,-1.045823212384374,4
-1.4101140414670166,1.1863858856510767,1
-1.7406513617978239,1.11395848712343,4
-0.8682799235451533,1.6345276031882736,1
-0.3865992168449131,0.20354285912045722,4
-0.9258731928353652,0.778907273157456,4
-2.320753162674495,0.409936858059525,4
-1.8522750570315574,0.6162702920320356,2
-0.9310102485783927,-0.3644365821608976,4
-1.7399045300402975,1.7375827184578705,1
4.352079915473819,0.23170256920367463,3
-0.025942326418011342,0.964909284483741,4
-1.3652154938923504,0.5183786579699774,4
-2.008999001065581,0.3528281679976581,1
3.3019171021601177,2.9502916603797633,3
-1.1728293075004292,2.4022933876038097,2
-1.1958977562991624,-1.8485206363903661,4
-2.262374319343293,2.1842981270753308,1
-0.28702167254594907,2.4691345931798137,1
3.970241204362213,-1.2763284849005718,3
-0.5884527744399213,-2.645840705035122,4
-2.683271857270912,-1.69550070740224,2
4.199629917882716,0.0473285756574819,3
-0.30321852936634364,2.6814391269432116,4
3.9381307416225257,0.35123771067914855,3
-1.48978142455455,-0.5626068018385214,1
3.8333461742375676,3.9905830503311877,3
-0.35005394527185074,-1.0574174107413181,4
-1.1490943136010827,-0.4111782017988334,4
-1.989775736252738,-0.7827316376143549,2
-0.5098718448372366,-3.180894381692873,4
4.305607047961133,-2.5223154432919417,3
4.005079557132955,1.1314863797452588,3
4.210056043038703,-0.05607889221219824,3
3.1214601965287065,1.622107852745958,3
-1.3111844714658722,-2.674099058255111,4
-0.8205900647556454,-0.34417025536141627,1
-1.762652963400681,-0.9810549415217928,4
-1.9832102329692347,2.1641469955159325,1
4.262213896178995,1.2499640266624905,3
-0.047193303444250684,0.35860750406952857,4
4.242198297320423,-1.3670299844332237,3
-2.154805103874865,1.4438700866704934,4
0.1442528100222149,-0.7578770124154527,4
-0.6387102359311467,3.056323482688807,4
-0.18978677903383576,-1.2577746183389655,4
0.0064053061589545105,0.30763692925639446,1
-0.937355611706034,-0.06368881150743311,4
-2.3106560484242733,0.6783270220822912,4
-1.8078403461438488,-3.6155102894503846,4
-0.17539628625477502,-0.5380216732646801,4
-0.7637532521737169,-1.9065172764562752,4
-2.766958440569432,1.2698109435187626,2
-1.3037872831691366,-2.705376034583953,4
-0.7968947359124445,-0.4663083669814381,4
-0.06046575177817631,-2.1614605863520047,4
-0.5776323607501027,2.0918817707155855,4
-1.3889151334110397,-2.1448214770495744,2
-1.0536492774448396,-2.5786106952795858,2
0.4956115647644873,-1.0064860385342096,1
0.7562273319206996,-1.7606613543723737,4
0.27722663225516353,0.6921953986425999,4
-2.026206229505712,3.013800811929599,4
4.21586662933261,0.8379104326910842,3
-2.564843245674335,-2.033861754163068,2
3.422131110122838,1.5903347968890664,3
0.36104170280604425,-1.6302312786048085,4
-0.656995591364665,-2.570949745419763,4
-2.5061331618934224,0.07098626170126768,2
-0.9777107504305577,1.3674248005038627,1
4.143979086052619,0.6659038346239791,3
0.7108010389916656,-0.9735426346630698,4
-0.35161600357228673,2.3418274278709204,1
3.285389592680599,1.8423097468523626,3
-1.6418555404872726,-2.108486392108874,1
-2.0753188519127,-2.397172454643639,2
-1.2963670844415565,2.3177083333682287,4
-0.09858812394084805,3.188392963822295,4
0.18838618608373822,0.25143795941320374,4
3.9589016311257104,0.18899274740107627,3
4.24439876239795,-0.5053675591439467,3
4.001252803279951,-1.949335839885734,3
-1.5451951022074721,-3.0081256410122084,2
-1.0000681360704613,-0.17684007075734734,4
-1.4570214114473243,0.41782012706504523,1
0.9492472401846404,1.004248086566907,4
-0.23493297540671823,0.32071875905273567,4
-1.5812325875397695,-1.6282059591865323,1
-0.8501348869862044,2.011037550994657,4
-0.7925237681550227,-1.3771797147824902,4
4.117075586893153,0.7482189362510483,3
4.384029794193337,-2.1100180847534182,3
-0.29149916028470374,-0.3722687086549959,4
-1.327303899232374,0.1914380216736965,4
-1.0647714918089413,0.025956830900242034,4
-0.676803445984562,-1.2480189561470758,4
0.19353556208779488,-1.5236822804812602,4
-2.2381313262821707,2.256107902024317,4
-0.3366846598186905,0.7523428110241211,4
3.8207694135594155,0.9147729329574819,3
-0.27483441383921403,-1.1584407589609362,1
-0.0901744323860374,-1.86718070052157,1
0.6416170333342813,0.6991656722789161,4
3.4928076261422363,-2.5241123226967193,3
0.43410973032514516,-1.2604007593840854,4
3.2794897039136344,-0.905654449922189,3
-2.1372192568643564,-1.6932160198398931,4
3.845112023215941,-0.2570716812411107,3
0.5729533466926303,-0.20900975943006922,1
-0.9509606298564456,-0.8532321778699716,4
-0.7527175415220543,-0.2613696759101289,4
0.041889368025966114,-1.8638020670882582,4
0.17667177001919562,2.509583059885622,2
-0.085436618263068,2.425155109944717,4
-0.455024821130395,-2.6095451409625814,2
-1.4985625942213043,1.5448858175753941,1
1.5791425379380837,1.9006312285906923,4
-0.6305468021251621,-0.7716321399174262,2
-0.307279644526699,-2.689764972163372,2
-0.9340408293833579,0.7660660194769038,1
-1.592698086194384,0.2655078538957257,4
4.244264758350611,-1.3961337704030705,3
0.734903915474491,-2.8148288232268386,4
-1.8555934054056558,0.4008625689163612,1
0.12940513199215678,-1.5826254401669906,4
-1.672097987907436,-0.5055730149790352,4
-1.7893788514884348,-0.6575378502412323,4
-0.37157963125709276,1.156978457166526,4
-1.722564931492096,2.45378875733935,4
-1.1982343401747155,-0.1379614047567537,1
-2.510619349544499,0.5876248361844995,4
-0.8853728232683122,2.3944545274461038,1
4.219377352569979,0.7719519573321049,3
-1.5460856932509743,-1.6124726830119256,1
4.287821488962497,-1.0757346427692722,3
-1.829242963504326,-0.7069262892008283,1
2.5577005841912004,5.408173247525231,3
-2.4483357033445974,3.7874541509810222,1
0.5507247734258245,-2.6626731478638765,4
4.096612697863664,0.8414615945613116,3
0.8791032162646024,0.5670766350682659,4
3.9573956002418353,1.760558709764797,3
-0.7204776525940503,-0.9646547776914066,4
4.096654931722136,-1.3035994013631051,3
-1.403539403930359,2.0007422034858537,1
-0.7241500254609333,2.0263473211644,1
-0.62349453085384,-1.4043668271879293,4
-1.267773121908071,1.8019072593832102,1
4.457584936585861,-0.9933985558357662,3
-1.89059604255196,-1.0331532639055994,4
-0.4984768975450244,1.9696879589634861,4
-1.7495461157702958,0.40022610259513514,1
-0.08336627646532144,2.5106656488470493,4
-2.4026513469026916,2.42029608979689,2
-0.9191291626327363,0.9101201250227874,4
-0.4550200125198169,-1.2833384576791713,4
4.619238022173926,-1.2482430987984687,3
-1.3211474421780949,-2.189308103504117,4
-0.31446113667324044,-0.09091524280974414,4
4.088689644292958,0.3014615202746152,3
0.6596049763595174,2.429364268347673,4
-1.2432879144861566,-1.9988616435532194,1
-2.110652330780825,-1.0205550598494966,1
-2.132463462919215,2.26983927981337,1
-1.2623801647281139,-1.1839576066227901,4
-0.6983245256829348,0.7369653388095361,1
-0.33983688939219425,0.22856419161245464,1
-0.471101846697681,-2.101496963629411,4
-0.36241075211565205,1.8498130347805883,4
-1.6733710129103145,0.7847255269560869,1
4.070250438740583,-1.163651031128745,3
-0.39675753087223614,-0.5276698120783612,4
-0.9204322849489021,-1.917171453064637,4
3.527291322678269,0.022404321096329102,3
-1.8854013559579437,-1.9225686995526972,4
0.5051584161977114,-0.9670879650119907,4
-0.9991086630899266,-0.3846680842394758,4
-1.4321605379711806,0.7863773758855804,4
0.2721110717539724,-2.8380979560048774,4
-0.7486915111839347,-0.18719989284920177,1
-0.8166081581162907,-0.2504134870937319,4
-0.7726713392236618,0.6373844353777797,1
-0.8177974469042167,-1.9158841519245877,4
-0.8621494865079006,1.3913277720754131,4
-0.35616949078473964,-1.5607476356212737,4
-0.5765357293787465,-1.633001155299991,4
-1.3191135613977707,-0.8487150202229017,4
-1.0148997268820636,-1.677586700997916,2
4.079084870082327,-1.0758512141800052,3
0.2968790718160528,-2.0006077221556127,4
-0.18700281296693733,0.48937157696162115,4
-1.7572250998269043,-2.2777269042348225,2
4.182179059497462,-0.18429971421313318,3
-0.798026558919472,-2.606875448986247,4
0.4494759460126174,2.6046143968835147,4
1.0704199635259137,-1.3651565522514757,4
-0.8704942128646023,-2.171872613455714,4
-1.5584943898265218,-0.9030450478848472,4
3.7517475897680423,1.4996375546309308,3
3.637094131712768,3.0788157901328925,3
-1.003787872613783,0.8116329700461342,4
-0.04130081373554363,1.3711347958927098,4
-2.074582995122648,3.4066864526028544,1
-0.7626658744580894,0.5570151365279622,4
0.6041360795793477,-0.9548867359257877,4
4.280025699329995,-1.1205468373413268,3
4.196886202452572,-1.2491502626032776,3
4.275529120731364,-2.0436981652591104,3
3.4444517756766917,1.4504626083515333,3
-1.6972711633773974,-2.56248257721223,2
-1.92491845600219,-0.7139823809702981,4
-0.3174820493928757,-2.47751010830503,4
-2.0777076384159,-0.9295942485166068,1
4.155379406274307,-0.02872392561560707,3
-0.43878433210192436,2.084412500757776,4
-0.4615461961103696,0.61218904315614,4
-1.3357681297948139,2.9733881349188764,1
0.008575016136452934,-1.8183674158620373,2
3.9044853053783437,0.930420777695752,3
-1.1294935685110155,2.093827287829541,4
-0.8069100132845612,-1.257514195731687,1
4.335853344471611,-1.1146811849126137,3
-0.6153633988157944,-3.138345380165899,4
3.6994960130250925,3.3832679654950284,3
4.058485307556955,4.055183079183291,3
-0.5904784604898226,-1.4280886737498146,1
-1.3998730215153485,3.0950141028181553,4
-0.13377370950302928,-0.24650775127912783,4
0.07573875702604956,-1.5882472799963114,4
-0.6420543474016847,-1.2485055328525598,2
-0.5721324963789681,0.3593687011872393,1
-1.0419282052982763,0.1272002222022818,1
0.8762046136863184,1.7511545415251484,4
-0.9346160320991183,-1.303251758060729,2
-1.4747683377990877,-2.501565348919857,2
-1.5790774663783542,3.535655174375997,1
-0.8422959183765365,0.8765731740256782,2
-1.7014287252408777,-2.0384846325301935,2
-1.6132935317926944,-1.5949948454612737,2
3.6155634399180707,3.698007294815867,3
4.008890594269459,-0.4610425493643413,3
-0.5471098275563553,-2.9186651887989146,2
-1.2185507136628246,-1.0943217381009362,2
4.030414853749378,1.2114414251548364,3
-1.083312461347908,1.3183684747645366,4
-1.2262501443401812,-2.3309797209034007,4
-1.224611876892917,-1.236932667058056,4
-0.05200995434024269,-0.15608341604421608,2
-0.41029345615106305,2.3284667786542266,4
-0.6344529346827974,0.6119108507446674,4
1.0580784162516375,0.4695246975843183,4
-1.64497500134327,-0.46076632073790524,4
-0.6960671439918749,-0.8540853747423666,4
-1.118981367243307,-0.34560231342597675,4
-2.4015233739152824,-0.3325658844364228,2
-0.5627515973825002,-2.359484067840138,4
-2.3723761281246376,2.858102943167159,1
-1.763622670893211,-2.3596774367235973,4
-1.9136827643363454,-0.06827876286212253,2
0.11069703413323938,-0.01570628987913535,1
1.0007213478025698,-1.67773139040408,4
-2.5608796072529767,-2.483287926742871,4
-0.9869740107194748,-1.514480709058803,4
0.13046921508900564,1.6751988946881646,4
-0.4215142714706692,-1.0961253118839573,4
4.223999346946874,-0.02146892023254475,3
-2.243129171459593,0.616187145943649,4
-2.5520442683906888,-1.3877729865081432,2
-2.002307172985437,-1.1328175072033617,1
-0.28110672193759967,0.15443297875298517,1
-1.274256167448415,0.5631390967830598,4
-0.9088791230728891,-0.6345251528862764,4
4.03758579554192,-1.5368021038907573,3
3.8899678985917427,-0.34538942605744355,3
-0.38877449459748603,0.5265760695853996,4
4.150585087070499,0.37650323355488774,3
-1.947204691059776,2.0653722020131515,4
-1.4435396482432177,-1.9145646338699083,4
-1.6257930147902937,4.03411865720732,1
0.7100868291718816,-0.16134341895559443,1
-0.7112085790536126,-0.5026765977477555,1
-1.6778768420921601,-0.7216626364391953,2
-0.1266891489111838,-1.7338373855609592,4
0.3821053185079969,-0.9695284599189041,4
-0.45255171708812264,1.1339678894725318,4
3.4161382470922175,-0.1125672666043911,3
-0.39233964115199715,-1.8094862373424543,4
-0.719100231459193,0.34964112133397973,4
-0.36141770286793784,-0.48576324534449683,4
-0.7892328520496408,-0.04499549255555044,4
-1.1183596040484625,-1.0112528560197764,4
3.0223313816674673,2.473881409250916,3
-0.022592587559911118,0.34498226111927693,4
3.7514918655350016,-0.4014058884550508,3
-1.0793529792410337,0.49859159882014675,4
-0.5059479312010382,0.5800538813492011,4
-3.393682657483837,4.65576892048821,1
3.8012754903715513,1.032477470785241,3
-1.1952343361171933,-0.8895827281198552,1
4.2176658391941,-1.240389014413746,3
4.58134141900241,-2.036872573333461,3
-0.8162695655155109,-1.3440487465196131,4
-1.6567383050592865,0.5623327877167875,4
-0.38250243348846463,-1.779244810978956,4
-1.0797476200112117,-0.7603473321503661,1
-1.3629071119571208,1.456734600064415,4
0.1121354669583425,-2.517559536216315,4
4.324248681495614,-0.8400711980398311,3
-2.4205109267551403,3.239394457205496,4
-0.9797669563112739,2.448939147909263,1
-1.6141187817195983,0.5991888974736471,4
-0.4029442235924542,-1.2601269575260778,4
-1.7692646888817996,-1.6525367431410694,1
3.5195998408117877,1.4134705023389662,3
-0.8476529607028402,1.14896693789191,4
3.6495215628598716,1.2409972168816332,3
-1.208028530682517,2.4083186837763013,4
-1.0511943935937247,3.133485007271542,4
-1.521214849956266,-0.5673691877235096,4
-0.8564026829236256,-0.18917134231376398,4
3.7726030538460478,0.13991762246436568,3
-1.0426574861029552,1.1396594584344388,1
-0.14695736350627556,1.6177336676106187,4
-1.877641805166932,-0.5332006102540474,1
-0.9158616335078232,-1.9871654665418834,4
-2.372233354779742,-0.46846216188615136,4
0.509343177046085,-1.0652406783051753,4
0.12673939490515534,-1.2860176645866872,4
-1.2413389426280745,-0.48363664344806045,4
-0.5179283166186235,-0.10108692818068936,1
4.074422443268982,1.3909062983085554,3
-1.1123268220622546,-0.4328617058380334,1
-0.4649371318903065,2.1618620398327586,4
-0.8094135599005888,0.009546877252735902,4
4.688431834960453,-2.554948880361899,3
0.25999352292419364,-2.0239653183304123,4
-1.393970310903155,4.253963415412654,1
4.076234297746727,-2.792725132525502,3
-0.6768533694665045,0.7943850551196946,1
-2.6078484171387433,-0.31543063324195203,1
-0.11611252380186173,1.4644406497457185,4
0.7710072441268794,-0.6262653798045708,4
-0.8010553456430043,-0.8147029913883364,1
-0.10312048257942058,-2.2154456261416815,4
0.310393940858752,-1.5780575835295088,4
0.4606883852890811,-2.0943553348493653,4
0.0720809395804522,0.013111545739212683,1
-2.0398606682848572,3.217211139717876,1
-1.1924544077833785,-1.0665350552079305,4
-2.159811236562008,0.49207545617821596,1
3.99010856103334,-0.3265189238216983,3
3.6853636757493695,2.18663336775345,3
-1.93070494901811,1.3082870234296273,2
-1.174115038615658,-0.46497292406273877,4
-1.3276279020492954,0.988541018210539,4
-0.19945188662637825,-1.7224997451863124,4
3.9137455777384322,-0.17880173199370447,3
-0.6817724870640631,-1.6048024793725648,4
0.3844100842110683,-0.14352368771225452,4
3.967066669208083,-2.231999983813011,3
4.43399405536741,-0.6796448054195414,3
-1.1763936498901653,0.25991025397618794,4
-0.4659524708888101,1.8382080832307683,4
-2.159761291389274,1.1033452276290083,1
-0.17123854399965466,-2.2055715240854328,4
-1.1800739484885105,0.05050461888511256,4
-0.8958897093314151,-1.511959978397423,4
-1.945165879376242,-0.5911212597208448,1
4.544537106391663,-1.044887462059897,3
0.012926052218419427,-0.04663635848983873,4
-1.2622914951694402,-1.5997994344829,1
4.008218288851805,-0.13867049182446115,3
0.15251313877028788,-0.731905646638206,4
0.203037746735101,-1.3868829854759128,1
-1.5891958011955007,-1.901805309255115,4
-1.1351634160987008,-0.9300203084439426,4
4.376834323412431,-2.5496561172103647,3
-1.0377238983706885,0.7269910424122622,4
3.5561325189752457,2.458839368691228,3
-0.2738797302088942,0.5400082917856018,4
-2.3550913948128853,-2.0713897416097486,2
-0.7279124492218508,-2.9148277822606325,2
-0.05525287462631671,-1.71635955619446,4
-1.8578524366950917,-0.215818840822767,2
-1.5421451351898208,1.9825473285823614,4
0.5089012238776208,-1.615017248225657,4
3.2947581694936656,-1.5601507939159422,3
-0.48065408456397496,-1.1765840364289126,4
4.267048973223174,-0.3551798180326126,3
-1.6925742347926747,-1.9464968764835968,4
-2.569358498817814,1.1377917379729832,1
-1.6089664379751896,-2.687064742202953,4
-0.25945788460861774,-1.390096906742251,4
3.8390945929075806,-1.5874539158561267,3
-1.1934965213791768,-0.04618715609043352,4
-1.1932823470716394,1.6454415000102198,4
-1.990061753955372,-0.834979986218981,4
4.238251858704266,-0.7506217711167946,3
3.376433745372484,-0.06401479443817573,3
-1.3649158101125378,2.201090575223669,1
-1.002146080299232,1.7862385806244114,4
0.07794842137549252,-1.9152092481147205,4
0.6653454791224005,-0.3706873695592528,4
4.274161993548001,1.606757018213271,3
-1.0670638103368806,2.3385409770165277,4
-0.4884883431017694,-3.273645770407217,2
-1.571361367949972,0.9084659810678205,1
-0.7716246505602926,2.825424002476068,4
-1.253980423389497,1.7348279169447933,4
4.239627699608608,-1.7725289504543291,3
-1.9483929840748428,0.9907423546740395,4
-0.8920030297716782,1.66274283329634,1
-0.127113979012875,-1.9911364725261174,4
0.7871143274299343,1.3696511477910216,4
3.9853395496954103,-1.0405764701433653,3
3.8228820795456797,3.7460051404813983,3
-0.7509628057310735,1.0566888604546147,4
-0.15992287347026107,-1.6064039263410803,4
-0.1400640730234734,0.18867200837944983,1
-0.021978603361963726,-0.2554726403936622,4
-0.2937898435849565,2.7648984162731414,4
4.008928035304357,2.4809469644643998,3
-0.09536035103384491,-2.020323032917748,4
-1.4150040543012499,-0.40839573315578165,1
-1.7354057715417164,-0.028951680944344874,4
-0.9288474707959893,0.22284655920300753,1
-1.651045940985699,-1.936715137564461,4
0.3178626227274172,0.43228075884489503,4
3.4748201527197593,-0.45439940486672076,3
-1.1137805362988118,-0.6156976035877514,4
3.614802575537039,-0.740478153705651,3
-0.8874767960920846,3.56233075546091,1
-1.3738822797024073,-1.466460136067291,4
-1.2452577754762686,-0.7154439609422959,4
-1.1709481759266356,1.6911658587854077,1
3.6434244942363447,1.8286269142370233,3
-0.27868025033149724,-0.919865163607535,4
-1.1198385391644268,0.8244168376057521,1
-0.4688778593287419,1.8745662773748026,4
-1.4567824979147994,0.06500615127412039,1
3.797361946757017,-0.7304925376510358,3
4.215817512993632,0.988792203210223,3
-0.46709601139593804,1.4466684433056676,4
-1.6824963378080477,3.071849501536283,1
-0.8042684201102547,-2.066036811850331,4
3.8769729921274387,0.32376345614774255,3
0.9126331864551548,1.4581127076423392,4
4.222368676122587,-1.233464951959862,3
-0.06508879990487694,-1.0483502171239427,4
-0.8205073779884763,1.5264644428310028,4
-0.8058965108228153,0.5757599947032578,4
-0.7739608700394714,2.077392767094549,1
-0.3594576032060578,-0.5303602256408119,4
4.069744784027127,-1.0513224808150954,3
-0.17666245364750705,1.243716327970825,4
3.473392994562363,-0.36064390022100123,3
-0.6221498586270613,1.8679885648356895,4
4.239330575862006,-1.3420977529836293,3
-1.2490686367770905,-1.650433676020745,1
-0.6995759390190136,-2.0853878675301227,1
-0.6168538659907002,0.15596227235125656,4
-0.23975685149795775,-0.43438519688571564,4
-1.0312055864476677,-2.486007592580206,2
3.725063484371084,3.294244218230338,3
-1.1932311150254478,-1.198155870890901,1
-0.48816500860273226,-1.3584064582665099,4
-1.8296511934932944,1.7644970811768337,4
-0.2181999992374654,-0.3169365274853012,4
-2.540123259524567,-2.8708298917984036,2
-1.9367764579202709,-0.04572015924014905,1
-0.3845674060075383,0.5256345763557819,4
3.774168476598289,-0.31529510431031427,3
-0.5618028095722752,-0.5655824276823869,4
-2.18508987025219,1.4419345508034522,1
-0.14296278704848162,2.373702401757724,1
-0.3739921149758549,0.07041294517810076,4
3.770976092983051,-0.8719311245805571,3
-1.124601733605854,-1.7290955049284384,4
3.5748728065281172,2.201568126677057,3
-0.2984278465189922,-0.8013846020609119,4
0.14987777146798079,-1.2936012755018558,4
-1.1164571439081892,0.8032463834546696,4
-2.0023523823063134,1.368598956700147,1
-2.0845666524231863,0.2665591236108484,4
-2.659510325568573,-0.13630077050585093,1
-0.8309519445497482,0.593828726568158,2
-0.6884130093681279,-1.4006176249916613,4
-1.7921693497093436,-0.05121042408224396,1
1.123969821239279,-0.7814043074980245,4
-0.3934520502808063,1.4565048847294482,4
-0.2932549750737419,-0.28423740647238066,4
-0.48626485534635616,-2.279922209115013,4
-1.7529308007155542,-0.12405191730478869,1
-0.2989563863202748,1.3324920666157236,4
0.051952215512582486,-0.1731542288960846,4
-0.7393855480352377,1.3963575505461374,4
-0.5477321390468984,2.9346633419050296,4
4.405245636192992,-1.2042411183791186,3
-0.3310684433917059,-1.2584871856665711,4
0.6402003390959566,-0.40604153682988925,4
-2.625392520015815,0.7649301902386543,2
-2.2709385963736146,0.8836776995623997,4
-1.4932510845352212,-0.8482570445612592,2
-0.6042418262226551,1.1548249689153072,4
-0.39555380143040575,0.27536018981164734,1
-0.9274972818471301,2.4533662823184335,4
4.187825768422816,-2.1333485994434036,3
-0.3341555917977419,-2.7701045357722522,2
-0.9634571510460647,0.6541031184074525,4
-1.085964986852674,1.7556986158716412,4
-1.016071306640899,-3.45548940781705,4
-0.07356841257196178,-0.7163789154519713,4
-0.05248332068554143,-0.896395886189389,4
3.567848606671716,2.105508667401071,3
-1.2686965764630203,5.898850904116027,1
4.3264860411187795,-0.2908628967103821,3
-1.9414429809427978,-1.4313784881966252,4
3.057544592114297,4.692124519258157,3
4.357767957904557,-0.6611161310243423,3
3.926345949243751,0.8770654412618321,3
-0.5786093189414385,0.8212790116022439,4
-1.2924679876228933,-0.8758851829667919,4
-1.260592925287929,-1.152292377752871,2
-1.3738490889407051,2.777935560684492,1
3.6399688506738186,2.7972145977425593,3
-0.3527367581835006,0.5373859475506659,1
-0.24650339810384697,-0.39483176826538324,4
-0.6205284706679656,1.9334544392137247,1
0.5687799943558022,-1.1980943967712534,4
-0.4140338929095719,-1.551595704012524,4
-1.7253075202817685,-0.41287463772073735,1
-1.817451317914187,0.7231452594924829,4
-1.6977914377340333,-0.7729622746372886,1
4.048712311432406,-0.7579638714801962,3
-0.8427984255151287,-1.6212531494439102,1
0.23055338933079467,1.027973498193126,4
4.048324682791377,-1.7905387317867552,3
3.874131304195085,0.03681766181776711,3
-0.49503732039701454,-0.9210713641934744,2
-0.8226510987391628,2.265983024422362,4
-2.011440356113662,1.4162677791667646,4
-0.6897246152718428,1.1604229175114855,4
-0.31878269163206835,-1.0990542418481077,4
-1.1750999035954395,-2.0967723418475406,1
3.847602615189716,1.3113277276813402,3
-0.9766872649733223,-2.5167562001291937,1
-0.8622202085217854,1.5643726619313065,1
0.4634402166553192,0.5965515980929582,1
-0.10984491540561868,0.6968069476433322,4
-0.44181492775747944,1.317367088481021,1
-0.15120324417579287,-2.166988509642091,4
-0.9756366692285864,-0.2709654989024006,4
4.223416927650471,0.6833623233447385,3
-0.7042577933549057,-1.8009762122956907,4
-0.3348690257244758,3.1609606590386123,4
3.9467575677376017,-1.36909679434457,3
1.0995835962143334,0.39550095412954694,4
3.9856329412464797,-0.07104193800774801,3
-0.24922631338863324,-0.5468435110229668,4
-2.8902000949001,1.4203263827855757,4
-1.8018507103053254,-0.8669528050507662,1
-1.7975150910638265,-0.6940869370277715,4
-0.9441237777040419,-1.5290411059877118,1
-1.962404032469154,2.532039891046034,4
-1.6207800119546074,1.6073545390154966,4
-1.0563898717409028,2.353628162222674,4
-1.3515189308051805,2.2673448501518747,4
0.7528986970725537,-0.9819379499599423,4
1.1139028485068696,-0.8090665131554245,2
-1.2857292919070211,1.5985226075175114,4
4.0775638384724395,-0.06323626442068526,3
-1.8282205283366495,-0.015655991434219165,1
-1.0375460118194164,-2.432255895173512,2
3.8064531271239668,0.3813944443584321,3
-0.10304993990200197,-1.9878483644934655,1
-1.2382174295545652,1.1808735745910612,1
-2.1493012718971305,-1.7587918794100674,2
-1.2264894244553186,-0.023829199602135684,4
-0.4907734297520504,0.1897783634000536,1
0.12327785849346867,0.39619333188103745,4
-0.19344387513033962,1.9436192445152214,2
3.9259434535717057,-0.07301662636492663,3
0.7477908462699758,1.744421813273032,4
0.000702213272426201,1.0461479412108121,4
-0.8456153960793055,-0.5862554016416285,4
-1.4454632426999854,1.7389589575800009,4
1.211228813746274,-2.3390258733470524,4
0.22620453399706522,-3.7004261111772974,4
-0.1706330539049079,-0.3432703696666958,1
3.569822265608783,1.792985350669227,3
-1.733150664526643,-1.3685988522304626,2
3.977803036871901,1.5555769278290426,3
-0.3516304249383222,-3.2591728180245907,2
-1.3474094528545786,-0.5395000182961646,1
-0.11618033139546824,-1.3154372322953385,4
-0.7263997592032797,1.1228838607591463,4
3.8498347540779756,1.1466637511401474,3
-1.1389410832249578,-1.4296445381990543,1
-1.8372816663351963,-0.48704175140551154,1
-0.33223661037877017,-0.49250547621602053,4
0.3707823606234375,-0.8323922399109833,4
-1.483971403680617,3.3759850403158693,1
-0.4860216493904615,0.11899874747556143,4
0.37266689295099,-0.40712158249103264,2
0.935908167163271,-0.2878365039236319,1
-0.991827805475044,2.5803483730702377,4
-0.8436145354298863,-0.31180171070260226,4
-1.067637075913822,0.9015818028315083,4
3.967365557993119,-1.5579338236956786,3
-0.4728743465138659,-1.888170896308973,4
-0.9301727774537043,-1.5636299104010272,1
-0.8110297407013832,3.401177888647829,4
-1.4247914841943106,-0.7765290350256089,2
4.128368818865224,-0.43743699041153983,3
-2.217929029462684,-1.3559510071402812,2
-0.39137520702686357,0.37538016005668245,4
-1.4222302388463932,-1.5657635708532867,4
-2.314034466416009,2.7983952667167733,4
-2.500764877854099,2.178182664529993,4
3.6836722004362987,0.8040522545504356,3
-1.5945240953179194,-2.4676617006163695,4
4.249596034652834,-1.6598667429367924,3
-1.2093365778717007,0.6788436231979199,1
-0.37749930739962095,-0.5378762303945226,4
-0.7438419116228144,0.6013154438539319,4
-1.6905030310205136,0.913136098589689,1
-0.9804689144344769,1.7581611931908832,1
-0.406718983430315,0.810668324465405,1
-0.5126499984450816,1.2398566037966363,4
-1.3927117322667437,-2.034002743592293,4
-2.391029615363154,0.29195959034230784,1
-1.4578056342465713,-0.5134100991231186,4
-2.599842373116718,-1.147990637264396,2
-2.236206378683845,-2.526714119252438,2
-0.897265138527103,0.42612389585855565,4
-0.8582530945344072,-2.9008569012286802,4
-0.0686407190077481,-0.359588852629296,1
-2.0163844060609524,1.06056093607008,1
-0.9441013027371666,1.573912443955678,4
3.3761909740117115,0.018283964020451713,3
-0.03968218778360753,-0.9573783320110875,4
-0.05724882550263833,-0.07925352495137349,4
-0.8022223692291457,1.8416091666714034,1
-0.5461120355347096,1.3142279111907516,4
-0.9816175929447163,-2.666641157365835,2
-1.9998785364408125,0.32818832729536185,4
-0.27289583532115086,-0.5545362777811217,4
4.4684195959704835,-0.8544167321543159,3
-1.3359060687205417,0.013885822524083576,1
0.18923868351667308,-1.8226082069458676,4
-1.1041329953813181,-1.9116810069942916,4
-2.355722203080833,-1.1398176621868599,1
3.9442096635902284,0.7504013596795216,3
-0.8731835353575255,-0.8695920188427257,4
-1.0862481555088508,2.2822977692511457,1
1.59253439073762,0.23455644398735812,4
-0.487767121749921,2.798029037514104,1
0.672985187459258,-2.1947996269723227,4
-0.5035839178407997,-0.5399317609820131,4
-0.258786257781,-1.86463576861517,4
3.7854622499118484,1.9237286757821053,3
-1.7327399036733204,-1.7200162090921831,2
-0.6760809150726309,-1.968281373828831,4
-1.522473535123116,-2.229699913812903,2
-1.4695117922729446,-1.0518923540847418,4
-0.23361930537654446,-1.6695713511665478,4
4.05980780010866,-0.9468897885318409,3
-1.9911921605681706,-0.46459564216434995,2
3.6619272784864405,0.40482902461112835,3
-1.6203877512566967,1.0440912233528152,2
-0.8675288408453693,0.8741619135709733,1
-1.3495843398868546,-2.674220956563142,4
-1.5636297549156541,-0.6308119735944061,2
3.1268710540344467,4.34010411945975,3
4.070305659706753,-0.35689892762710956,3
-1.2326430186387616,-0.6737390738406956,1
-1.3348958865638418,4.154806290509539,1
-1.5381390087788158,-2.1782049522268956,4
4.440779603293323,-0.47164145587835493,3
3.304274772404601,5.608636008143068,3
0.8801790008734139,-1.359637464591879,4
-0.43523997962625544,-2.507535712951796,2
0.37383036419099325,0.9586652424526296,1
-0.4336814655550617,-0.2551627490293524,4
-0.21894439071913874,-0.9229089229346805,4
-1.587907174440041,6.044061092046965,4
0.1780021565164693,-1.2088563655274163,1
-1.6852331178442517,-2.20845048022182,1
-2.1922489345595557,0.11353410575197279,4
-0.15113230318291912,-0.8712472904165038,4
-1.0297554604021788,0.773666819133893,4
-1.1218250371180303,4.504115670572687,4
-1.29466796995148,-0.9345905825174283,1
-1.4866012757641152,2.2046979635576727,2
0.2342254367715306,-1.8495587125343054,4
-0.3235481591049576,-1.1425300043498503,4
0.3330507519884361,-1.9468992453595435,1
-0.5106112166877262,-1.2644301762456003,2
-1.8053476624176474,-0.2686726941043085,2
3.975281936601341,0.42047457634348967,3
-1.1406169509604558,-2.9083039036095024,4
-1.7229242571986538,0.0604926733152822,1
-1.553640940102718,-1.0198437284505455,1
-1.7144661968381734,2.0177849680676796,4
3.6550030600014427,2.117521808877229,3
-0.4842813987726972,-0.4834831200032771,4
-0.21831083681802235,1.0396535432939007,4
0.58303717099352,-0.9346197572976933,4
-0.2534844033027994,-1.408298156661574,4
-0.6055625631166052,0.1315720671418313,1
-0.2874069526880744,0.8917853435545638,4
-0.8796765567339334,0.6124459347461089,4
-2.468593722875795,0.3630891171873419,4
-2.0065007895280456,1.1670544860219423,1
0.36674951916169474,-1.767272888679585,4
-1.1164640696303203,-1.573994756389448,4
-0.33050093022179367,-1.6680598251523477,1
-1.293866619171759,-0.9738428572459329,1
-0.9375178151806447,-0.2762338043483705,4
-0.5226309258369163,-0.05715247759494825,4
-0.6330925352841467,-0.46786984182824576,1
-0.5408417584981803,0.28905727393638114,1
-2.1520754285224113,-0.41135305952646506,4
-1.0011258907953247,-1.3818706641034457,4
3.6084251285705533,1.296142988645236,3
0.5296801071483479,0.34997712787920615,4
-0.11823531044873967,3.983249079685114,1
0.41613735025445836,-3.3755246689361016,4
-1.2879925876141316,1.3167642637745165,1
-1.3715859424456778,-0.8067834137285342,4
4.069755674497658,3.9487237625785876,3
0.11128730479491236,-2.0908943531330477,4
-0.4477248748448318,-1.6826997930169556,4
-1.5284860962755473,-0.027428888252140342,1
-2.3412139702079435,0.42898292214209455,2
-1.757189793920794,3.3067969366641257,4
0.16231695752975522,-1.6484029345491333,4
-1.8043690218848307,-1.1638222085026944,4
-1.3572651288609663,-0.5344630497479548,2
4.480948227483998,-2.461611846973312,3
-0.7143869987154643,-1.5061907913711163,4
-1.0133925585117975,3.6061113720641305,1
-0.26330392511290734,0.7169381347474268,1
-1.1062872208738828,-0.4663607250027177,4
-0.5380536535876028,2.6131637317568286,2
-0.4432774141034094,0.9062216139908986,4
4.4944643653265475,-1.8464965965006974,3
1.0897166753929037,3.7954716316562025,4
0.2142489736459424,0.4106839369134647,4
-1.076518816403517,1.6042366110364499,1
-1.1199036076840043,1.1134656894994934,4
-1.8714150852364373,3.1145975482503165,1
4.478210964728228,-1.1152412111598529,3
-1.1343586219423794,0.8615875103328257,1
4.5893068962217605,-1.57428240648281,3
-0.6539264765682242,0.2845826705773049,4
-1.1715821755309461,-0.5454304037407725,1
-0.12421244632304107,0.6931530638016595,4
1.5994107787895318,-1.757427832798268,4
-0.9400850549430371,-1.8100930251275362,1
-1.0377025825332382,-2.6093629538973024,2
-0.8615302216524979,-0.7907543844988763,4
3.4208799771404563,2.717591544901806,3
-0.4963534020665642,2.3689638806967075,4
-1.6397005102501825,-1.025592650504264,4
4.0076140004453356,-0.5205902220455091,3
-0.2835268331640303,-0.43508935521528697,4
-2.031983055441697,-1.4291482799111723,2
-1.1937747884319962,0.8940167790441814,4
-0.13900095151968023,5.3053855242589405,4
0.527083745736202,0.8196756587497049,4
-0.9536351912729076,-0.8179042084573852,4
-0.596145395867173,1.2459292865314955,1
-1.7556318436511844,0.9867208896978862,1
3.9374924849646655,-2.5015585360590844,3
3.8426068346374094,1.371367522762264,3
-1.258158320236729,-0.10869346805906463,4
3.91149162029123,1.026019320971501,3
-1.030791884768888,0.806806667885292,4
1.2751708386241016,-2.672344924889055,4
0.4595811586906518,-1.3684624863558583,4
-0.598521951236181,1.6242182636050335,4
-2.115627816537745,-1.1584691807825944,2
-0.9712352900693023,1.1550791500288515,4
0.46750975800428585,-0.6102329790657268,4
-0.493167144593064,0.6462381102718836,1
-1.301060878517284,-2.4823859592562125,2
4.28008542743378,-1.5935836763751259,3
-2.034187190321749,1.2784379954994889,4
-0.4335373533527346,-2.049056488260448,4
-0.9575160552901497,-1.7090154135065987,4
2.938491082863139,3.2429134712044743,3
-1.3824071930536523,0.02321792921412183,1
-1.0336787225775135,-1.0579507399956969,4
-0.46978879576533034,-0.4551188486289411,4
-0.14195432909969224,2.363853575646305,4
-0.3474663892968834,0.9347848906370407,1
-0.24934643794206052,0.712323569569123,1
-1.1041092653563775,-0.8409324131990485,4
2.823621746769026,5.0976097133524885,3
3.97861026060417,-1.30997097358538,3
-2.229175112770999,-1.1160157979108323,1
-0.974644961973145,2.204970859149633,1
-1.8013069453487807,0.027926522679323627,1
3.957265332986293,0.3979305455653823,3
4.3562469886730915,0.012104035751629943,3
-2.5005150382457932,3.0520825980126474,1
-0.3783551087952226,-1.904265439074432,4
-0.002132432422847141,-1.80280737098437,4
4.512132894984992,-1.2301169196313675,3
-1.6351581117796081,0.678423630670172,1
-2.4278322962721024,3.307273467577236,1
-0.9077268667410705,1.8269754878086488,4
-1.6834268424469547,-1.4582314714071987,1
4.172242959207356,-0.8391718427702622,3
-2.3320688039894795,0.7647371684357938,4
3.75835072373118,0.406268364818103,3
-0.537410556227747,-0.4254720196390351,4
-0.3553215125721298,-3.5282423353276315,4
-0.31959697717833174,1.218732854904067,1
-2.001455668471451,-0.37496610206399517,4
-1.8646978352976746,2.5826401742375715,1
0.013497021732822872,0.11447149338200084,4
-2.0188716312440858,1.4826039977533607,4
3.6254180797485893,3.498084439126601,3
-1.4947418212154577,-0.18496224368959174,1
-0.22266554736006144,-1.2021331946857485,4
-1.2041629144001287,1.4617601889334193,4
-0.8844298057091452,-1.7508347705274439,1
-1.2419345871357346,-2.2935224440426074,1
-2.219746145376111,1.2793933655092984,1
-2.01174977710667,1.1588792462679347,1
-1.634488678624292,-0.8717061730132183,2
3.81606878803355,0.30798127693472116,3
-0.5568608825233167,2.2151197801225404,4
0.3973086385992542,0.3009831701703962,2
-1.3436351481038509,3.9001840855481804,2
-2.2204123045091824,1.3130336954690984,4
-2.1687296670981224,2.520558266816742,2
4.23291645107175,0.25716435279769617,3
-2.4552138334537186,1.264989309120262,1
4.368256501312305,-1.2234124546038538,3
-0.15771919189335076,-1.4417439946586714,1
-1.1461022694361411,-0.46500125524704067,4
4.1659008855144695,-1.3456878751143788,3
-0.9641036545654729,-2.4352035280985436,2
0.47125078526845465,-2.4346537024874335,4
-0.8221605078240126,1.9218164914146911,4
3.4759757548655608,1.5727723013663124,3
-0.1638958793555342,-1.8793670440886667,4
4.127195811891825,-0.7312231724532251,3
0.5449425252681083,0.18782429025081795,4
0.37611618385895645,-2.6683450698682893,4
0.00728493974894077,0.6023383906772025,4
-0.5782116583148026,0.7651630399191409,1
4.042367860349686,1.2982750853205742,3
-0.8935420743783841,1.207268066989599,4
-1.0154185812611962,-2.8117565629513184,2
-0.7194533478625319,-0.5221960254934275,4
-1.6594887561910487,-0.6185204725108577,2
-1.892828982618497,-0.06089230006888102,4
-0.6144186627189002,1.675008002350611,2
-0.9664616646289899,0.25252772641720667,4
-1.661741688327538,2.080918066389966,1
-1.3752284323968766,1.2399491409117094,4
-1.722649257869101,1.0905904071825847,4
3.601334531137997,1.2267651890279478,3
-1.2014911389750451,-3.051101518545324,2
-1.6782465773347341,0.5167400177191126,4
-0.3981628512460689,-0.5991186832244594,4
3.6657696667622606,0.6118636391953489,3
-0.1919673747615612,0.528947512235729,4
-2.0432758536863806,1.4445467103907492,1
-1.9197095432459388,1.8684981347527085,4
-1.902668807014519,-0.6552013151120135,1
-0.4691106226914909,-1.0078860665869611,4
-1.6111317915975498,3.4756233591591914,1
-1.1572091734379293,-2.7478960497808913,4
-0.3736600702857269,-0.6447587983697163,4
3.757803122512146,0.4157244754614797,3
-1.7806948484630731,-0.4566048849913824,4
-1.8146855700194222,1.3739399657145845,1
-1.1047431292356562,0.27725812324401417,2
4.335713304411157,-0.9016917921128237,3
-1.7000103082314864,-1.7734924699485406,2
-1.5561040539527968,-1.135218116579321,4
-0.6813133981455026,-1.0720137275776969,1
-0.5457886433584395,-0.27484959108942386,4
-1.1057278537443538,-3.7417482404982043,2
-1.5643935462908465,1.62019447374375,1
-0.6894987692133531,3.4533679842315954,4
3.87013161826545,-0.01964048358674277,3
3.690871808999468,1.0067367761231933,3
-1.279245534933319,-2.517744084955511,2
4.3398286612392045,-0.8143042574934404,3
-0.5842415169652522,-0.28426612465906975,4
-2.7008363450544337,0.8035984182936838,2
-0.1256158236638114,-0.8460125394146861,2
0.6406344816688833,-0.4743403160506588,4
-0.23389171145944215,0.35889285440133084,4
0.27278052948886017,-1.939247582250695,4
1.2408484972297011,-0.4564874836414607,4
3.289255082463738,1.628216964542072,3
-0.7715837703320528,1.0104405722313703,1
4.450870876186131,-1.3274983856481424,3
-1.0075916648020224,-0.6060086007686858,1
-1.4802347892242593,1.684895072347815,1
0.22662225139579908,2.5684955956843867,4
-0.7243629418107067,-2.3473085867864145,4
-1.2351656508777658,2.0278073327793407,4
4.332173606583032,-1.5390350514485682,3
3.7502500545736344,-2.294917932639076,3
-1.4914807673435762,-3.002582218785444,2
-1.1174826668288553,1.673485962063431,4
3.836485142944159,-0.051423469965879716,3
3.8508314448201544,1.8892916527024395,3
4.455631266109226,-0.9049453245717892,3
3.524536812021148,0.11695452527517562,3
3.992374231970975,1.2120778099685887,3
0.5834095885542395,-0.5220129428326521,1
0.1345734800470866,1.9604131784392953,4
-0.6987967005149986,-2.5503326439240346,4
-0.9046542530482911,0.27423563952779667,4
-0.8935089407221013,0.27794359700527976,1
-1.9274813774411845,1.4232566631282535,1
-1.4225614758623215,-0.4660436313964354,4
-1.6738746318599835,-3.6039411043505756,4
-0.4527944851227116,0.44960139386316195,4
-0.5579628126954236,-0.7805358196087107,4
4.19932047639802,-1.5972042494330565,3
-1.7573815892969211,1.6675261770868812,4
-1.226629741454319,0.810922800740242,1
-1.5247736303524553,-0.8338209083273058,4
-0.7067885354399217,-1.347066852929744,4
3.8908213535315848,0.5139959417620422,3
-1.2906129624566185,2.348212796624582,1
-0.6758348692669555,0.11651055287557857,1
-0.33136529530668407,-0.6041443413386811,1
-0.7153011202794167,-2.0702176065252678,4
-1.5868959178381628,1.4454993042889261,1
-2.065794732282797,1.2678489741032124,4
0.46468066513654727,-1.294531546125753,2
3.7420911969339112,0.8942195663403253,3
0.00020129819350531887,-0.3612093898014619,4
-1.6618405334517556,1.2618995364860355,1
-0.40235690085175946,-2.113148234152436,1
-0.4019781874273936,0.09534877249478912,4
-0.6891462827028569,-1.4597698403794743,4
3.9462273201952116,-0.9767170138633766,3
-1.0438567853288618,3.204462439666968,4
0.15263010963103427,-1.2723379510771604,4
0.23252958594441323,1.6346202422089502,4
-2.1524676515397942,-1.0233952810845361,1
1.1045175482740495,-0.18076422831407113,4
-1.1499822630182683,-1.303608664471956,4
0.1867206196794097,1.69738508539728,4
-0.2090857097426378,0.8180212336870091,4
-0.5533351882370215,4.5928384966286195,4
0.33749284034131605,0.6805019138683146,4
-2.760328669297178,-2.1911679027660456,2
-2.0520266626904804,0.4741282051410586,4
-0.02573387386117149,-0.709729001971817,1
-0.10867302566408464,-2.9526493226213515,4
-1.8388078406382657,0.1411779759288957,2
-0.6194220117754325,-2.697896657333909,4
-3.023941174117852,1.06924277496014,2
-1.538097084696296,-2.0397880511270996,4
-0.7436162303619707,-0.8188869542648308,4
-1.4118067569779469,0.39118451279398336,2
-1.3503840513262224,1.4894728832793258,1
-2.2868001365620434,3.3022431782117465,2
0.820794232570577,-0.4765610354275427,4
-2.3586341942344053,1.1313375173487872,1
-0.5865791324777031,0.5100377260194425,4
3.64099888972329,2.001735627696722,3
4.5092190167094675,-1.3242525236252125,3
-0.043554780656908494,0.4307179589247755,1
-0.5305719140934504,-2.695436481203649,4
0.012025450095885347,-0.9097455570504175,4
-1.9100672474876568,-1.8280560963723569,1
-0.15120968385048925,2.996132628523044,1
-2.522913172413557,0.13312659514985906,1
0.57812604914353,-1.1073036311628868,4
-0.6690078381129174,-0.4633226599962764,4
-1.8045464588866427,-3.3179278566086707,2
-0.19988222246223372,-0.5586128043493513,1
-1.6706158956265424,-0.34850807209997275,4
4.0008533287261505,-1.245124000344565,3
-2.10776662491388,2.981228891570471,1
-2.3802427973918032,-0.4966113182445115,1
-1.2233072306266026,2.2362490550609744,4
-0.994112003013604,1.483345322641624,4
-0.5652440026940441,3.2376759501058383,4
4.4378760841142295,-1.4651311846884292,3
-1.3135889290053824,-1.404884811864388,4
-0.3179858522429544,0.9466682127662293,4
-0.6573383075427748,-1.1214732341474873,4
-1.5162881323034323,-1.5627527022139711,1
4.051596708716484,-0.6124211228453961,3
-3.671573695495338,0.9338605672277228,1
-0.777068543762354,-0.144884924756426,1
0.07474682866846555,-0.9208347447609606,4
-0.6439687721672581,2.1404364417952175,4
-1.5044511004884857,-0.22656420995256069,2
-0.5971215801830847,-0.6721524159738954,4
-0.8073733103406115,-2.003906790758446,4
-0.2589384839193314,-1.6426895732301747,4
-0.4400168382611318,0.03406567153565963,2
-0.17801283541488472,0.26184891584223413,4
-0.6550763148251051,-0.161847261019373,4
2.775008199485978,4.832995959488945,3
-0.6004746146646683,-3.9622047700681877,4
-0.9706203314791694,3.5349073994858977,4
-1.1614972329592426,3.4706204694747265,4
-0.5214332455612244,-1.3114730249495412,4
-0.44875484063262105,0.22936830745034498,4
-0.07161602881150261,1.441127517369321,4
-2.5506955931929105,0.8935318620640508,2
-0.7990812092462866,0.045323820616310385,1
-0.006856212013975177,1.8721734807752353,4
-1.1329397720913232,2.521186242961109,4
-0.8061434848897031,-2.3236193285856652,4
4.337336256027851,1.0327627954008038,3
0.18277077483220233,-1.1695214588214817,4
3.809927447535916,1.7489629330033167,3
-2.100679019451655,0.4563319341599845,4
-0.792130604510433,-0.5563194066524503,4
-0.13578278077699774,0.37901587747010973,4
-0.9308255686516432,-1.2416020696315473,4
-1.0458748901278607,1.3977160866640457,4
-1.2630206329667117,-0.8891765777515244,4
-0.12521417163917173,-0.28555954991834664,4
-1.2340065868257697,-0.727047635152869,4
-2.0038347873441196,2.362442198650527,1
-1.9336430536637672,0.239516596689579,1
2.916199447849976,2.3921263358529057,3
-1.150531930936612,-1.9561249387144621,2
0.0006236562921306298,-0.2865859112626137,4
-0.36188389754837746,0.3903904661833454,4
-0.07557511321911047,-0.7552333740367693,4
-1.8551110386619085,2.015129595905327,1
-0.5908984262137191,1.483924978864569,4
0.203123030186015,-0.12577310785638027,4
-1.553098075119808,-1.0332357831082621,4
-1.559521616272862,0.7226363736048128,1
-0.9433449252861722,0.9508728438553462,4
0.5897471757569497,0.4621490272007002,4
4.209889995652867,-1.4972893539524805,3
-0.562282789347228,1.0265048906328098,4
2.778458030908501,1.7054518295771333,3
3.7841608988620377,1.6446946206585595,3
-0.14580405168398877,0.13116251875584636,4
-0.6480508542005444,0.06610079001789275,4
-1.5119906237563272,-0.9781943004319126,1
-1.523149101668193,-0.3200565718973583,1
-2.240188816289396,3.840124862766935,1
-0.35402906762560044,0.6568394462529328,2
-1.5855440929162967,3.3051157317014,1
2.5863265162176052,5.721999375265324,3
-0.17876515410082552,0.14906893571029062,4
0.2885790635589251,2.70718538445781,1
4.215077794611979,-0.5539182562241736,3
0.16441938839648182,-2.533954234072224,4
-0.9736605616000894,1.0120909083874023,4
-1.2116456958575652,1.0683906398694287,1
-0.4488388521077952,-0.9239207424569146,4
-1.0198428507311454,-0.17581656005415142,1
-0.6236951678160101,-1.312501656779415,2
-0.8587893944929798,0.8053411530474115,1
-1.625872277979783,-0.9954582234680874,2
-0.9740254595092139,2.1079059161410005,2
-3.203114174500066,0.32965040891609315,2
-1.9736427377257475,0.49976703838267267,1
-0.04401870476883056,0.9432388469204407,4
-0.36680775416998257,-1.1859448280728033,4
-0.7455931444294096,2.4955939685407866,4
-0.9201018378981554,0.5312604441374431,4
-0.8365483974558673,-0.5476751086170598,4
-0.5215076802443467,-2.733541723950551,2
-0.7665117387789494,1.751181352513344,4
-1.4656948363071427,-1.0736815299689437,2
-1.519719526118692,-1.521415255998108,1
0.015387319071111598,-0.9726211925080184,4
-0.5036719192285146,-0.5822333999882301,4
-1.5073125634281779,1.319224581559992,4
-0.5380216011097613,-1.4460159753853903,1
1.075617433376818,-1.9974299332715801,4
-0.9938645183994629,-1.1005772729438419,4
-0.06123445848880493,-3.796054582074147,4
0.977721907354068,-2.8945979570722082,4
-0.9577339341769687,-0.6969800395714163,4
-1.0068421516852375,0.7688464438906385,1
4.03716192040339,-0.0355429156238852,3
-1.3000515609087746,-0.6368232247749356,4
-0.3328518273940448,-0.17897955409745298,4
-1.416657073505144,-0.900749090009464,4
-1.0623521809098593,-1.8033454705912708,4
-1.6585803708786377,-0.052897229588943905,1
-1.7330331541667812,-3.361140199426943,2
-1.047538391256459,-1.208588513142428,4
4.121628710750717,0.10073385240846242,3
-0.07101836213555841,0.8570299251223438,4
-2.1994455904768158,2.3652294623440238,1
-2.1088530576807183,-2.324785185500068,2
-2.4420256522622785,-0.08285037213300306,1
4.1411566657740435,0.18720147240553203,3
4.449317935205657,-1.3899581803546095,3
0.3816115706996602,0.04633932439533608,4
-1.908300638389347,0.8646942197472639,4
4.410023163140961,-1.5265457898417316,3
3.7266537224888583,2.677739379135535,3
-0.7338646151692539,1.0571752156403644,4
-1.5802584563627857,-3.694658919364913,4
0.5447972958106365,1.3498300599401114,4
4.02651719528176,0.24240965945952442,3
-0.7102571584578611,-2.1148895261399985,4
-2.427561308591602,0.9099085558950936,4
-1.420089886470094,-3.2745863477399215,2
-1.7376525912971625,2.173591019258224,4
2.209282039210862,2.1930964934691968,3
-2.179159949576926,2.291302495286399,1
-1.739272455545042,1.274734756112477,1
-0.990287259271229,-0.8930384966783229,1
0.15852875392160637,-0.5396228965046422,1
-1.6316087970809228,0.429978574142864,4
-0.43506375856046464,0.5967259448856538,4
0.13207115621523088,2.4672828995592577,1
0.010426704992853175,-1.2693529988143766,4
-1.3116558211865328,-1.2176704510607315,2
-0.5535085905729366,1.6594318256631777,4
0.1543215169358853,-0.05783007292563028,4
-0.9922872905790514,-1.8444461200213405,4
-0.04365284952763763,-0.02053156627811856,4
-1.7175807455101588,-0.6728999563539401,4
-1.1477921533394921,0.7950878332353477,4
-1.544032510130625,0.8961932661849783,4
-0.34291991540529915,0.2079514714988949,4
-1.3416093774229894,-0.7831506749958741,1
3.464033085048006,1.365664671540121,3
-1.2382300012843672,0.4469967647344621,4
-1.3760720096322718,3.749841019708009,1
3.8348276064214857,0.6040515045575015,3
3.466739512150042,2.1050942011111378,3
4.552215995946001,-1.5999613937651758,3
-1.272316628437232,-1.3025355929321898,4
-1.6615730838636509,-2.2019724136218515,4
3.5142606816532185,1.8183831772005692,3
3.8691651536994174,0.8912603984048741,3
-2.1498842872525916,-0.31254721392120066,2
2.960593503311094,1.160907749959876,3
-1.4092123746155396,-0.08333139749632504,1
-0.32475003510145295,0.7826460586221806,4
-0.20007941587262418,-0.1481376400952202,4
-1.5830256320824743,2.503698012530115,4
3.7443129552534073,1.042330819659275,3
3.946107494213884,2.5437316272223285,3
-2.118816823608311,-0.8976360104156279,4
3.882418050172948,-0.3428985155054287,3
0.05686035684326195,-0.11237766859248097,4
-0.7125617982576176,0.5623893391323009,4
0.13654763318320104,1.067469655797097,1
-1.2955632800391035,-2.2683120111350643,4
0.04270416002080385,-1.6519767601678017,4
-1.2207300004972543,-0.7616852604975766,4
-1.1708481791502128,1.0301132850789227,1
-0.40245896207882437,1.8755002362603417,4
-1.4741801175728488,1.3718614530559883,1
-1.8466701508129897,0.04942098414698773,1
-1.8179123240801167,1.1644191302826246,4
-0.5468460329780066,-0.906143918210956,4
-0.6695700250925576,-2.1419240135950193,2
4.4378884351343695,-1.5841020638837133,3
-2.1068866712483794,-0.9851728111621254,2
-1.7102267205876946,2.720921497703906,1
-1.1596943842546257,1.864313659153753,1
-0.8541463025548216,2.552136409082653,4
-0.3840175482257759,0.912757142215147,4
-0.07453783728796146,-1.7793613628642602,2
0.45092766610063745,-0.4974060146223708,4
-0.8674011025585139,4.896081478635818,4
-0.4716388287903044,-2.2513517403506698,4
-1.8106418401607152,-1.165702752781971,1
-0.8714480327950974,-1.485914065948471,4
0.6207606696049395,-2.9507334652482973,4
0.9630996358441483,-1.87327096488162,4
-0.625020190463635,-0.33737621241849974,1
3.8081046188547143,1.0958260914449158,3
-1.5806270141601775,3.1042861417203818,4
-0.6303607879580694,-1.79920622744336,4
-1.6279817436625972,-0.879334410062736,4
-0.4554373786764632,2.3975295719109786,4
0.1723853583369382,0.6356594971436804,2
-1.1764073405812898,-2.5632052373418444,4
-0.4574301321259943,-0.9441544868400408,4
-0.352648968299464,-0.4367981245992102,4
-0.9356168284099439,-0.08404684371924562,1
-1.5143549546686519,-1.5937577436022872,4
-1.370535107305824,1.8446084476202913,4
0.4956121777300874,0.10986075760186247,4
4.265852639675053,-2.299815191454061,3
0.6715537032297105,-1.3758503454974342,4
-0.9049007904102943,0.6310753643808651,4
-1.11740171717419,1.0023044688737588,1
4.1326690505741395,-0.1029245327613517,3
-1.1198360562264655,-2.4506663085601734,1
-0.7552832387497808,-2.7040570768675987,4
-0.2641395368738271,1.4498780567502232,4
-0.5818651461145218,1.7146657883584242,4
-0.113583179255501,-0.8689941732689275,1
-1.0315965199676114,-0.5915555456184503,4
-0.03111184362916055,-0.12918960196252016,4
-2.3313121160571155,2.1736236237871687,1
-1.397673471626789,-1.707384168201989,2
-0.025696211829584627,0.24882196806694493,4
4.316102124538316,-0.15259805911246707,3
-0.7452841938797072,1.3702850140383294,1
-0.5725421374557058,-2.3214197646018295,4
0.011573835859728763,-1.7827977111115851,1
1.0233622832071823,-0.4232088695703358,4
-0.8574107540143684,-1.7871031875232746,1
-1.3466083052451716,-2.0774774531021682,4
4.269046932368667,1.0970655095610273,3
0.9098091106973865,-1.549758548496683,4
-2.1499522076613764,0.29740018442062915,4
-1.2957593432755077,-2.740313062917056,2
4.226749948824641,1.270711198997503,3
-1.8822371994920841,1.2788105277335082,1
-1.5524273139882399,0.4652539564219246,1
-1.8505385594169708,2.9014842587179475,1
4.1774889080929105,-0.19282269143372258,3
-1.5559449443400397,0.6415834005603569,1
-2.6154986311938484,-1.4152244648434584,2
0.20745109943339518,0.06591740439852903,4
3.6098718985352782,-0.4390527154697458,3
-0.9692732902253662,1.1692353456632938,4
-2.5762279103952572,-1.7697836636418078,4
4.106699480014478,-1.4429907517318796,3
-1.6445730162963101,-2.5422040116974434,2
4.475759330022099,-1.1153959845937051,3
-1.5846411910625249,-1.9133995361302074,2
0.341221829065924,-0.08373761952397331,4
-0.6220860675444266,-0.5666490454836609,4
-0.2613185772368153,-0.9807269552791907,4
-1.2784481045753966,-0.10883822417341742,4
3.934260782274807,-0.21527830869055525,3
-0.827332721113583,-2.2667809125306633,1
4.303206129319073,-1.5482340435879458,3
-0.24047273510520145,-0.8709672325682609,2
-0.9717738795332294,-0.7524071535304216,2
-0.16152707107367628,-0.7992373345311604,4
0.6465554586350324,0.030641987461601825,4
-1.0281199032862782,-1.734153317214283,4
3.6150701140195522,-0.4707481877070599,3
-1.7778754652511792,-1.8973682701126808,2
-0.716321601157358,-0.9871050135044763,4
0.5804496566857835,2.2867351104388085,4
-1.3548027289271851,1.3366376842571823,1
-1.7219148905961943,-1.138067634120323,2
3.8420951820138978,-0.02947429512882088,3
0.4003119671591063,0.040736696667203726,1
-1.5198943969302372,-3.2722631552458936,2
4.299322272058722,-1.3104059253564684,3
3.6479975338806514,1.3764787984724536,3
-1.6548978333756645,1.0042221307837584,4
3.9626686269032128,0.5644827888326164,3
-2.0348986065320362,-0.7424455155181646,2
-1.5772991580239986,-2.78459317280128,4
4.1916710775714705,-1.2716521312703881,3
-2.025592331614451,-1.1814865965889987,4
0.7347947055024748,-2.590603657318423,4
4.23201827861389,2.2664253846672544,3
-1.0443250090829055,0.6095685443948984,4
4.288255465200379,1.9237016274400687,3
3.3065740157784744,3.293818188661076,3
-1.0704189798631552,0.6439190935727891,4
0.26296633148661364,1.06116826786209,4
-1.9125033647520775,0.7488853196051231,1
-0.27178667674945356,-1.3202846254811593,1
-0.8928807509436869,-2.7565611837393185,4
-0.12637587774880624,-1.2137361393342796,4
3.508435252894858,0.39591996082253766,3
3.965639491325223,-0.023971590394173115,3
4.280579052552866,-0.3785534012216449,3
-1.1763719241899975,1.940157215691049,1
2.802746889464328,4.43113946050174,3
-1.9548692119691018,-0.23691824426276475,4
0.13586706232770743,-0.21685836683105786,4
-0.4485324183942437,3.489405439119354,4
4.34839977881973,0.5865793482302657,3
-0.5828342126899073,1.300495085523077,4
-0.7344578979090991,1.742680613718547,4
-0.9771237891363039,1.135381679595089,1
-1.3365900467666223,-0.5598375813411836,1
0.0502554489719559,1.4301572454240428,4
-0.5266856938167145,-2.0970630423836214,4
-1.0243259658215176,-2.092958881049528,4
-0.17675813294588744,0.7374534840470168,4
3.950080953554287,-1.09141678202629,3
-1.0381348921653075,-0.9055067502394357,4
4.344182526477119,-1.7530168255166978,3
-0.7036633596246034,-0.6391806761803885,1
-0.18324787228705217,-0.9108785399930706,4
4.479437419596517,-1.231054277365315,3
-0.8923246854923087,-0.7592606003231522,2
-1.1464313513829718,-1.2327688105372447,4
4.041001802905055,0.056579114845657315,3
-1.2839912624028689,1.419149321607279,4
3.3152739535342874,0.5161188007036652,3
-0.6227750878625874,-0.4590125967782596,4
1.0925578840485144,-1.6804001088708875,4
-0.41447470265115427,-2.090181352792727,4
-0.1767540401836991,0.8272759363463679,4
-2.6854871458269733,0.5828503404944502,2
0.4479721230366385,-1.7518873157026638,4
3.701130904268136,2.745312360502912,3
-2.0810533815202463,1.6596102197025067,1
-0.5872063932668783,0.1694146495130202,4
3.8683985889159276,2.2102654631318517,3
-0.9574103892158072,1.5653182468757818,1
-1.2455768537994845,3.1385958169442705,1
-1.2628075044551488,1.23547003812664,1
0.8901011740000645,-0.8549467049899924,4
-1.4134787091102468,-0.8711145063416347,4
-0.5449232122355436,-1.8484330085896459,4
-1.7062309976266568,-1.587849341622224,4
-0.7489520725646046,-0.6607582284141537,4
-1.5524570570612974,-2.387327187677429,4
-1.2198074278194706,-2.524881585200206,1
-0.04591950198512089,-1.0431486625656106,4
-1.8966867047775067,4.050702072998549,1
3.833367170579327,0.63575000877407,3
-0.7055144725106334,2.5014771329206846,4
3.2863115178787297,-0.3095303454292687,3
-0.2726568580209429,-2.0000564888675525,4
-0.6599272885728401,0.6207397743823453,1
0.6866968939149748,3.6710921458963774,4
-0.19156582093131938,1.6641742510684747,4
-2.7608466443426605,-0.06821454942899119,2
-0.5993081147760448,1.4679268494443791,4
-0.6945024329065165,-3.6341809638074074,4
-0.8369497004450841,1.2150938954984987,1
-1.5326087509872603,-3.734835805392584,2
0.2588095618229839,1.3500410659107542,4
3.93630006766568,0.06521635076097021,3
-2.712227257928682,0.9170231477725604,1
-2.922885979091389,-1.1757916090323295,2
-0.5693353581225431,1.246188685369297,4
0.4320929945866253,-0.38726274679692246,1
-0.5217428462578334,1.2547438235184303,4
-2.863773511911974,0.49747530096582027,2
0.2865986495635664,-1.934201882449613,4
-1.109744762871859,-2.3042095403971667,1
0.03319924136429973,0.785537880301579,2
3.7985230890853767,-0.9636699889831725,3
0.016380145120872644,0.03236941880205703,4
-1.2552091263196083,-0.4458109308055426,1
-1.218981964090754,-1.3730514804982425,4
-1.0475680832415446,2.3693848492238594,4
-1.84737364349849,2.797666965176855,1
-1.359731779549253,-3.505920751914627,2
0.1495427338875677,-2.010607605275691,4
-0.6582249139974162,2.309208026156564,1
-1.9912883715082859,-2.256708062085554,2
-0.9454276250261021,-0.19814940792290361,4
-1.4780390732521933,-0.45120555675796675,1
-1.889533071899341,-0.9257944431861416,1
3.44210786340925,3.448122053766969,3
-1.463421802658768,-1.5706725624253046,1
4.421061990816927,-1.2564356697279884,3
4.228802137919831,-0.7979955455766309,3
3.5837023111486705,-1.4315804051902217,3
-0.0567194843354645,1.3005322003659192,4
-0.3211148462424487,1.0812107998702882,1
4.2038618455781975,1.0101859729629203,3
-1.7640441490324237,-0.4023106351767001,1
-0.4588096772557914,-2.4521834348819858,4
0.2908954050337524,0.2881727591003023,1
-0.3943950319398365,-1.3812439736662074,4
-0.3927883713191274,-0.26027881298817146,4
-1.8958434312864092,-0.30875258863947735,1
-0.4744451667158708,1.4953276059094114,4
-1.5954520398981245,1.0342579680673654,1
0.7348057760575832,2.026957466217478,4
0.18837179024279063,-2.05826211165534,4
-1.5736874403732086,-0.3858979469281641,1
-0.9213387929388585,1.9838148595238736,1
-0.7697478986682684,-1.1772251031944108,4
-1.1394806764621705,2.5073017037640857,1
-1.0425016452041382,-0.06488503753776585,1
-2.1816370668010623,3.5241072157477875,1
-0.5471687276524116,-0.025378256420637898,4
3.7765906919877166,2.2332980002357314,3
3.6663905350634307,0.9147659234414967,3
-1.0945045717303672,0.14131009556178503,4
-0.42622838148143943,-0.758416957002975,4
-1.5991752380712032,2.614541552573124,1
-0.5681432950497983,-0.4594776788638063,1
-0.6804481215246232,-0.6886509858349965,4
4.0380932472029,2.015438067494512,3
3.931279350481344,0.5858408784877578,3
-1.499196822685482,-1.339250297357499,2
-1.6065753844836028,3.0254132021275897,1
0.8718437110852836,0.5701707627834555,4
-1.6898697124793014,-0.7235026432483745,4
3.964952057833684,0.2844052504120612,3
0.07241206065173172,0.3201279943550081,4
-2.1116372449434913,-1.2537871405183239,2
3.575990922727199,0.7303278577856618,3
-1.757564654679578,2.7646331468805334,4
-0.23969249990477118,0.7080231628157703,4
-0.7732698430651045,-0.784777476756352,4
0.16642455149114646,-0.7813642418656848,4
0.6592913742032316,0.7861977109486419,4
4.538544192532312,-1.5585946529567183,3
-1.832838526114816,-0.012423960850641697,1
-2.442581034091667,-0.8393525230621965,1
-0.19853647769176358,0.6894425590108847,4
-1.4583242255117848,1.4076957652095499,1
3.4902858057630572,-0.5129561016061972,3
-1.4095829769418997,0.9458776818872213,1
4.079469046347811,-1.276471040281368,3
-1.2058003701617885,0.562327400034295,1
0.08196560559896547,0.24402728760632708,4
-1.1854459572037246,2.4595824435705875,1
0.758524862381761,1.9356358432943839,4
3.879966244684151,0.5498342841484407,3
-1.5021825890307359,1.0589224277356786,2
-0.06835056763075555,0.05539105933166867,1
-1.1699873716681912,0.016302419555595013,4
-0.6534665690086171,5.1265220009127415,4
-0.6445033861582677,0.9732229258463551,4
4.28525170536065,-1.2997180451687769,3
4.1954358116096655,-0.9588013339329624,3
-0.2309081845540042,0.033849448058748476,4
-1.597641519338679,1.722454101612752,1
-2.212897774631275,1.2912248641413753,2
-1.1825605415562244,-3.272097976129716,2
-0.4620797171326033,-0.3109414397327231,4
-0.5921938304158721,-0.18826473057746623,4
-0.8591988958185216,2.5543204236679014,4
0.9870568802012394,-1.6293597697418845,4
-0.13801398485628005,0.35708575755995076,1
-1.5656036277517333,-1.8871647319507783,2
-1.34351097359069,-2.8329633797994527,2
0.8005117835396071,1.1219053905874232,4
-0.11116536106285599,0.4469350527653613,4
-1.169913309020431,0.7100546515719834,4
4.149668071187683,-0.3194718105669023,3
0.0983276965026429,0.7266752289845092,4
-1.0522884536224522,0.19414973010210926,1
3.4172980831678554,2.773173681599494,3
3.7096195898198694,-0.13950747884861892,3
-0.7429147666723578,-3.327616172192496,2
-1.9120429669333063,0.45251901052741883,1
-1.447990999206301,0.27569543639401545,4
-0.9646377145615233,1.5110787571312547,4
-0.4978347930941568,0.10877846586622282,4
-0.0005861273590943531,0.05374033362680933,4
3.9899776725684437,0.012693265911201377,3
-0.6150164410799576,3.236557190537665,1
1.153488686931702,-3.016960298330886,4
-1.1732541368031453,0.8680572233333127,1
-1.3230776081176256,3.21321402692071,1
-1.0555982145946703,1.10582032773096,1
4.522882734274307,-1.9294438630486395,3
4.124220731155332,1.6057920885937922,3
-1.9458754502051794,2.059249090953894,1
-1.4456783268078282,1.6157328910707824,1
4.291685696516244,-1.603051877650421,3
-0.6030686713936144,0.6244982272529406,4
2.5437434182312875,3.8492635912868116,3
-0.8513619102532423,0.9902192475981205,4
-1.0732337297898076,1.492529171327069,2
-0.709767350729692,-0.9681285340065425,2
3.787936309250294,1.4669597163609416,3
-0.04444517656580946,-0.18582382072149517,4
-1.445557985800721,2.3321519789346294,4
-1.1663977049625949,-2.981924195727747,1
-0.7348869181153289,1.2669196009780939,4
-0.843151462325388,-0.6847932220386127,4
0.19902876608492717,-2.5776553005060814,2
-0.35647025382821246,-2.0484712668067746,4
-0.7335399367527621,-2.651364711766786,1
3.8311977336544842,2.6635448616427784,3
0.26044723970313716,1.3040288291189086,1
-2.03856538721348,0.895801735506803,2
4.400932484694838,0.5776699078304786,3
-2.742796822835569,3.0519278330365744,4
-1.075733661668536,-3.1628630241819815,4
0.14305038237800927,-2.2786258375309103,4
3.6030475128524366,1.795065621970481,3
-0.9915779869447481,0.8408858008811315,4
4.260633057228475,-0.8878215955941152,3
-2.0064407063973744,0.7051951397804354,4
1.5797989644226478,-1.2494007086533243,4
-1.6168639809651248,0.18694269233897146,4
-1.2054001618343693,0.8575972006419247,4
-3.6710331512939254,7.960166685538121,1
3.37663062142069,-0.8585291680260587,3
-0.5553812564969709,-3.0440370999579893,2
-0.02461366875370303,1.7615343249446045,4
-0.3353631473187244,-0.8942945824906393,4
0.26924925380995246,0.8570691697149616,4
-0.8292416134749049,-1.8756220681566134,4
-0.7739110314384029,-2.408219799992122,1
-2.938297938753958,1.1618339399738429,1
-1.0624756076470112,1.4708580238641529,4
-0.7388762219365622,-2.58925528682166,1
-3.900754756493229,5.306804579970411,4
-0.0984244770397582,-0.07179208352096447,4
4.341731820569684,-1.8917943375320525,3
-0.37652282570157,-1.4788184929853332,2
3.6770386177579484,0.6693322187214167,3
3.7701902412096095,-1.11406592489429,3
-2.86120699798839,0.371719833910792,2
4.537513835693919,-1.4410221985284204,3
-0.331758663834227,-1.277526887361997,4
4.154485630292698,-1.3761166789015185,3
-0.9829062568654954,-1.8608284784018785,4
2.8981046405934943,4.772340353195037,3
4.31815609996357,2.226720045877442,3
-0.7463863815252971,-0.5659280033547437,2
-1.3843131826874824,0.4857518445770501,4
-0.3006783692511253,-0.3563120965672781,4
3.2803433536133757,-1.7626584435779622,3
3.493758474109392,4.708450621015701,3
0.889706743181049,2.007718973077635,4
-0.43207317907172665,1.1219722750288528,4
-1.1123805712036474,-0.5653779598467786,4
-0.6909521766862539,-1.7009060591877985,4
-0.774859460396224,-0.9720358676472894,1
-1.6851073508400014,0.4643383882932304,1
3.6800590987829804,2.651520380334341,3
0.6550329588382113,-0.7844482643829137,4
-0.008171745427923358,0.1437230016721869,4
-0.813932139973725,-0.997440266033992,4
-1.297792834259281,-2.1693419394145668,1
-1.149680328628972,-1.6111095292006226,4
-2.2873931279785533,-0.43598514046320813,2
-2.3444260416007614,0.6732360626017252,1
-1.8493922289944098,-1.8558006317265678,4
0.282314378625133,-1.3391865133485803,4
0.8883646342975684,-0.04159077504537259,4
-0.026632629995171863,-1.3764239155998859,4
0.7478409022441366,1.026937374825659,4
3.3817900703207426,4.007099497416803,3
-0.9253958169181494,-2.0350336991221045,4
-0.07130489047076091,2.650388134938435,4
-1.2134507314584106,0.6268986287769367,1
-2.5277533977344566,0.5675246653851175,4
-0.5547051529909302,-2.1236870052108987,4
-1.9787169766656918,0.4441857831595209,1
0.04677178503252784,-1.3533048191959907,4
-2.6348920985089843,1.6196075123133833,1
-0.1023510974181041,-0.27706052526381214,4
-1.50057857176486,-1.3310303554254654,1
-1.177917431421796,-1.9117249489212917,4
-1.4878638321540991,-0.8584819905187996,4
-1.381584241458786,0.340634560262647,1
-1.376085717220446,1.3222824867614704,1
-2.874398639402807,0.4908487201839303,2
-0.4038815618178429,-0.3579268425960477,2
-2.637549868759279,0.9928004010494309,4
-1.6834331610567768,-0.6883565384972044,4
-2.467130741842673,2.0781485991740083,2
-0.2765951281280754,-0.49141704119434415,1
-0.5577232169274638,-1.4991267125007364,4
-1.2608440425135028,-0.6258904168765393,4
-1.4501146539476812,0.7036876995781558,1
-1.6386053855294085,2.8816210607725625,1
-0.11993850114457837,0.5620923581603355,4
-2.84004709710013,-1.2230621758065254,2
-0.9234205476057946,-0.6318572252458079,4
-0.22859094706368335,-0.4705625742419499,4
0.07706816642896429,-0.17328184037502278,4
-0.44624990437772577,3.359401809601911,1
-2.2256981975348564,1.9085677490228963,2
4.118843638469692,-1.5771375861910701,3
-1.2241528850910985,-2.837444731198039,4
3.4557959611806224,-0.20822303031760253,3
-1.1203528224184522,1.940602947730289,2
-0.8885863587919168,-1.3705089802690895,1
-0.5698091891519635,0.08849553049004108,4
-0.43940570566783094,0.9263907888224555,1
2.921229837338879,-0.8683050111627664,3
-0.6867427857744781,-4.03996830046856,4
-1.338991663045273,-0.18916686201869026,4
-1.300523411825093,-0.45841687497027034,4
-0.6213464097857944,-2.831340309089834,4
-1.7373649240465152,-0.6596447552006824,4
-1.3718751103268236,3.118384395724279,1
-1.0459082517603928,-1.3829557066348366,4
4.139020155593766,-0.8351416287627721,3
-0.014564804437021767,-2.4084054573908027,4
0.7820769005428846,-2.270041102920206,4
0.07146587181492012,0.6082078712867596,1
3.4007543884053537,2.470419988542323,3
0.16132552226152197,-2.2295755574444165,4
4.201804602386283,-1.2714654805275196,3
4.001252710880266,0.049396613222007356,3
-0.9226277859204514,0.4305491262774829,1
-2.4758655629577015,4.4873670604396345,2
0.1483595166475764,-1.0792337093055853,4
-1.3726832810490333,-0.00884193990064179,4
0.8806758995881958,-0.41200344811304423,1
-0.5518222726968411,-0.8228920515040733,4
4.05290583027844,-1.1964323669497754,3
-0.5788711545834461,-3.2244187947584573,2
-2.027580173348954,2.3766834494958435,1
-0.07390245819700128,1.4248973217310914,1
-1.346120597352075,0.0877047506815094,4
-1.095536608837278,-1.3162638767842465,1
-1.8846244087088193,-1.144315321817565,2
-0.8019638172354424,-2.8745293606592237,4
-1.54141252752006,1.9125624144937237,4
-2.177932802150501,1.8744113539779383,1
-1.0103289661045254,-0.7055832418104447,1
0.8198502575270229,-1.7199421409994966,4
-0.8599019744429669,-2.562685579911029,2
3.1147214427815024,-1.243408438193534,3
4.165678916151767,-1.3657514823266312,3
3.9735237580817144,-0.7462139495761901,3
-1.70108466528317,0.40005276452096666,1
-1.0911133404303146,-0.43984734604132397,2
1.1571322361338534,0.2725481663818336,4
-1.2533182652742343,0.7720126442870425,1
-1.4859207036819222,-1.7020425205195453,4
3.7151900032943543,-1.5258979294058361,3
-0.4399569005918741,-1.9226174616880842,4
-0.6505791700272171,0.7271823327182159,4
-1.1832077982175844,1.6379582364017484,4
-1.1058831286595048,0.5647909126985825,4
-1.37928172362594,0.4879307343847752,4
-0.04428831110545039,-0.9996580032098166,4
-1.0655313873006083,-1.7816035043352034,4
-1.9234728049860537,-1.6577533524772659,4
-1.2926999551757192,-1.5336380293296397,2
-0.2716260398302442,-0.4616924081187034,2
-0.9425052581980858,-2.2669441592924997,4
-1.2060153692661009,-1.8420847184202627,1
-0.5774576202841448,1.1738123573931063,1
-0.38874853072421844,0.34679635639423023,4
-1.342412784841316,0.40081389188683747,2
0.5931295269585029,-2.2913883718727357,4
-0.9249554245090558,-0.27065865977472603,4
-0.2834792786164893,-1.6510706249842941,4
-0.817917964431085,-0.7754197600292845,4
0.2503068525103583,-2.524436237126818,4
0.09603846818714411,-0.8849545011968221,4
-1.3711949973746145,3.8621751270021116,2
-1.4759986010531774,-1.8666405272972981,4
-1.0041397760886364,0.9267351067119854,1
-0.8500964330421492,0.05944847078343148,1
-1.0740163745551972,2.1586160622642065,4
-1.0554837341219199,-1.9484506426394463,4
-2.0482618945486424,3.7481671567377655,1
1.068904761147098,-1.0842158510502868,4
-0.6661100850464429,1.489469056374785,4
-1.054342602463847,-1.8914396688108615,4
-0.5842474744698588,2.2036430462587613,4
-0.0729154898088932,1.1545704161229682,4
3.74540027135428,0.33781018273483365,3
-1.4836017309231002,-2.6941273773892465,4
0.9888053497086342,-1.6889652402937407,4
-0.7881946336986493,1.4900155989065607,4
-0.7016350391153381,-0.06042868270019456,4
-0.8440343441838338,-0.19867426672633082,4
0.347115043686642,-1.1867321672881301,4
-0.6522081937146035,-1.3962776379415924,4
-0.6461792912478658,1.514211899225272,4
-1.2780451726237472,1.075221233694875,4
-0.39885141344784086,1.8840323519896405,4
-0.5767609365956613,0.7716859540632357,4
-1.5804331746540103,1.8958328835739862,4
-0.26996664390375213,-0.7542887317351606,4
-1.609697140262248,-1.3254715460827917,1
-0.5645557135426341,3.2936485800804935,4
-0.5687487803453372,-2.153931638315191,2
0.23346863840611784,-0.6219399253388778,4
-0.4370194261328972,2.333865978131196,4
-1.0990011936888395,-0.15350875767763864,4
-0.8979375942857433,-0.9339881219474593,4
0.11535135845281756,-0.20271472880816113,4
-1.5522508792197418,1.8489701600537445,4
-2.4046177963593576,1.0515933145558451,4
-1.9887449572411977,-0.1952639301403487,4
-0.5788388764807534,0.2815414539701039,4
-0.4223966194733494,0.6101715566708841,4
-1.0093525386607995,-1.188073032106432,1
-0.8029272580424373,2.8931997750472522,4
-0.9421760553137529,0.5243991751727506,4
-1.0811092553888624,-1.233474907892875,4
4.2547419870466925,1.003810255359434,3
3.321528699283959,3.0404866703729345,3
-1.0423629822321077,1.7950594625927425,1
-1.472778258270573,1.706555631174956,1
-2.3624468088452244,-2.304238160441019,2
4.139599579664908,-0.81763831391262,3
-0.8721795687300298,-2.064501464651582,4
-1.4599934028088937,0.6071599610194897,4
-2.448865684939664,0.9714260064622567,4
0.07405561873717828,0.5273506131677335,4
-1.2448636884769098,0.016797686729957507,4
-1.2616575160828027,0.25125451734291093,4
2.995005762391345,3.4377994695593452,3
4.1650415358000235,-0.9929016932471062,3
-1.380524328677509,0.5080603121096149,1
-2.042911059985805,-1.9159033237844039,2
0.3234095664478176,-2.233929085793212,4
-0.2471091993479905,1.1522883818057852,4
0.15184072717986102,0.6507256519902938,4
-0.3662618842899096,0.8600769621597798,1
-0.343131828439788,-1.5940015900560092,4
-2.676336933525653,-1.382092647219269,1
-0.7146221096908881,-0.34067962704643856,4
4.2281893878650605,-1.5209759823810514,3
-0.2214081183220639,-1.8347103339041215,4
-0.5243445209738707,-0.3715984183047321,4
0.8374137856255635,1.5253628520418554,4
-1.5995028807105878,-0.42945629831371124,1
-1.8403867020227433,-1.1758039920538363,1
-1.0520394857375017,-1.5257477421417722,4
-0.1782122109778149,-0.2393292221191102,4
-1.9802077312553177,2.0802676115201773,1
-0.9845947628263549,-0.4044561561392251,2
-1.6656085469861042,-1.713174066586174,4
-0.017011479875564527,0.3797243625785179,4
4.252475002603807,0.9088425022135017,3
-1.2926852674280602,-0.4570348589455563,4
-0.4522886861372586,-1.8729852306577088,4
3.3254951264655452,1.5777400994217186,3
3.9347074739909553,-0.02725803449507484,3
-1.328739111594795,0.2739612497522747,4
-0.789022709939343,-1.2376563317977236,4
-1.0356192120721035,0.331909115146217,4
0.36732069717385335,2.401985830371175,4
-1.6739781519772814,1.079408130417187,4
-0.1782139813883358,2.5014685295536556,1
3.6351433845652075,2.3316080686359837,3
-1.1685139062228687,1.4472104971855426,1
-1.027278010459878,-1.13949986209624,4
-0.18641647478233836,-0.41608502894850596,4
-0.8988888496024952,0.05849042313419729,4
-1.3516776503681243,-2.8721864531322483,4
-1.2581185302822488,-0.016018274546026775,4
-0.4978223752411949,0.6692869302238708,4
3.935498355409882,1.7203502407939895,3
-0.25036947544768906,0.2825493436844098,4
-1.097324681599247,0.800292105750856,1
-0.5841104955743163,-0.5986093074603036,1
-0.29843071717665454,0.2431937483857573,1
-1.3990099476612936,-2.529711920710408,4
-1.2997483446792994,-1.2776821248725703,4
-0.6110708675245743,-3.2621765397723164,2
0.029156069406719803,1.614002031001175,4
-1.2346418329505295,-1.9611929623659277,4
-0.30246310886659067,0.7476200071956824,4
-0.6425549406894531,-0.23739157847275472,4
3.781537912530481,2.1816188876466467,3
-0.8042261637674565,-0.2268475061816146,4
4.590250313857302,-1.6398693576418877,3
-0.32789332563919893,0.1964882791767867,4
4.0222406855837125,1.9585789136619258,3
-0.6185573570902233,-0.0679456624203239,4
-0.08025551643646985,0.8706336469836526,4
4.047908985116619,0.6479512450447865,3
3.018401196056019,3.940498578551712,3
-0.01356890144043105,3.4671907365853802,1
4.331762897934433,-1.7911240920561822,3
-0.9303374995282747,-1.720480713564591,4
0.0029963141960841835,-0.6578546121185279,4
0.6202697280934555,4.098455737424347,4
-2.0728358288017854,-1.0197254230797448,2
-1.8631709566221983,-3.3160500171832776,2
-0.9013569989732902,-2.135671745827207,2
-0.7143014245923744,0.5724261828932264,4
-1.5394366925858503,-4.447922684141338,2
4.186288773657497,2.0199750036408135,3
-1.1251556610690778,0.2824696751515408,4
-0.8266477966501979,3.025111246132404,1
-1.136323606572013,1.3101427630344973,1
-0.021090215819513432,3.23879405629302,1
-2.0831091285995247,-0.014731528971204881,2
-0.5095856467521994,1.5767707993765712,1
3.397030767946986,0.6990206576165043,3
0.40096896307638513,-0.00286039343992538,4
-0.2722661350367705,0.8990270112233059,4
-1.5914917787712135,4.5233668417016455,1
-1.379286723437838,-2.564685213430473,4
-2.0489938248841004,-0.34141245152796135,4
4.2976829101366,0.4648155686154465,3
4.027348418530494,2.2343303683711784,3
-1.1786811785517792,-0.5293741563505137,1
4.5444397686010465,-0.7495054303073785,3
-0.4313752073173291,0.1264050986157102,4
-2.0096478310412196,3.218093714924687,4
-1.5674891802809727,0.5159864524908288,4
0.40425502792686735,0.3924445902037126,4
-1.0013953280042005,-1.7222413218162342,4
-0.41215744522213943,-0.10526232659420018,1
-0.18228928340792439,-0.3485923841859506,4
-1.4819761226905643,-0.9676275409510537,2
-0.7654467045489399,-1.582624628362974,4
-0.827210335801028,0.9634142873738828,2
0.5030570342626456,-0.6543542945944116,4
-1.418224628580888,-2.511508348194525,2
-3.02046336140262,3.686069021808027,2
-0.8273062329692433,-0.4077272589798776,1
-3.3164568396098884,1.690129448429909,2
-1.3026729629768607,-1.6280578207484953,4
3.5777820803647216,-0.9883825970836922,3
-1.650337631867831,0.5297648978895811,1
-1.2685236309233074,2.289363594338731,4
3.7499618079950414,2.268413311693373,3
-0.5891105287333541,-0.5817358557453062,4
-0.48623994003387905,0.31948413124630937,1
-0.6409715849232962,1.485783850573504,1
-1.648827138267096,5.771296851689387,1
0.28909008259441826,1.1951436212027848,1
4.261538103296299,0.24235095768831155,3
4.098551551539847,0.7938374272335892,3
-0.2471312369172023,-0.7751452010247198,4
-0.287303801367078,0.7215751518558258,1
0.22166379757111138,1.1793622171362934,4
-0.30552836592869537,-1.5084975005621069,4
-0.9147675507517231,3.5771558117336095,1
-1.6864925769054386,-1.614354432270832,4
-0.7946024831902022,3.4770182512390244,4
3.761741305236403,1.5384929678305836,3
4.408849745509929,1.0408752982162683,3
-1.1784094512027943,3.3928657581661126,4
3.3905898460593686,1.1603140832217842,3
0.4249496131993123,-1.250265757983365,4
-1.4004976241983362,-1.5080986431767718,2
-2.4867356584296463,2.04091566043279,1
3.114646306629859,3.697655906161666,3
4.012101823363032,0.3471369608835757,3
-0.28677902135778394,-0.0886940422202887,4
-1.10330392818698,-1.1679264154636348,4
-1.98923296817661,-2.1426821379613705,2
-0.6375686157117577,1.151857610160456,2
-0.8203519641081802,2.8025713210204124,1
-0.2521573214337133,0.732673021473167,4
0.17262744792443796,-2.503537682790411,4
-0.5631481807087669,1.6842487722939155,4
-1.6825327724624288,4.288802954486015,1
-1.512020419220293,2.767215578111216,1
3.6010512205503686,1.0364158196520241,3
-0.506666313084873,-0.5395996063239955,4
-0.5742248037615243,-2.5191610475511697,4
-1.5037927551488857,-0.1298909260722612,4
-0.6346163164201453,1.3369868846921549,4
-0.5810634012789313,1.639782934251223,4
4.050625272333925,-1.1125755330197606,3
-1.2311203142119387,-1.764990665706418,1
-1.5346206153341475,-0.5783056720423383,4
-0.3469291194287812,-2.0526435773139644,2
4.299762930271418,-1.1759251511426425,3
4.039181293051576,-1.0313715101292154,3
4.391605435048813,0.08110141535241937,3
-0.8318252051020976,-0.7324051894465032,1
3.481395941881752,1.920606373077705,3
-0.7224329878858842,-1.5497443349301354,4
-1.0521859067176418,0.2787723963559831,4
-1.9317608770444348,0.5160646402664588,4
-2.7841603114815423,-0.8699595470142283,2
-1.4312625309114448,0.36731464687367166,1
4.485636983278155,-1.3428104231497466,3
-1.365346983119767,3.725058020034149,1
-0.39808871510655014,-1.1484729379238245,4
-0.45502879810380936,0.6412947028093271,4
1.225584200149684,-1.0682530419934182,4
-1.210565548545081,0.8057166471794387,1
-1.6033384354039544,-1.6736917788212888,1
-0.028180562846760956,0.580439189636097,1
-1.7691560502113373,-0.3694835749500877,1
0.23877254059341635,-1.2996320930169343,4
4.6736472987727575,-2.3715728817409043,3
-0.7800958622625759,-0.5713787842178966,1
4.2242376843692515,-0.8524289545064071,3
-1.2910413560779732,-0.7282626945631442,4
-0.12257489367267851,-0.5735083949737434,1
-2.4949983913449083,-0.15034244110175476,1
-0.9480882726222876,2.103288132687661,4
3.399836182396987,-0.30408913871646975,3
0.6249460072905616,-0.6974660037981911,4
3.9273820769985957,1.2463961414496894,3
-1.3765264570987872,-0.1391569158981902,4
-0.8024409214100924,-1.6009718527958998,1
3.5719253491198386,-0.05092229059864706,3
1.6864264981588615,-1.3793569143272255,4
-1.0900006566985525,1.810724594507473,1
-1.395655780520371,-1.998974603587297,4
-0.6311944804413326,-1.009550576320489,2
-2.083299425096608,1.7485368963055492,1
-1.222111788065098,-1.4863349192173612,4
-1.5617113324752963,0.5866248232276573,4
-0.7761933450876747,-1.28569548288947,2
4.102115110106538,2.0078614075346697,3
-0.8380968101166608,3.7118621752815963,4
-0.7094463824322247,-1.5552434257543213,2
-2.0222240804093716,-0.2842088055128715,4
-1.0929985824808632,-0.6872747724016539,4
3.8948966165942136,-1.7697794139366292,3
-1.2374462024496875,-1.1613634709914753,4
-2.1417664096123223,-1.6658347571488983,4
-1.4350392366153146,0.7087566461091523,1
-1.6526084520770008,-1.0279888328805598,1
4.04859559832596,2.275838724678024,3
-2.4657422668342615,2.9914538945796267,4
-0.004099418027137861,-0.8035067490517731,4
-1.9378154637249303,-0.3602562232414698,2
-2.2219108722876375,0.09397616658864472,4
-1.692725435609335,0.4013454085542587,4
-1.1910797775625759,-1.3069766647032295,4
-2.813857087856659,-2.904008934819937,4
-0.9466365943871956,-1.5014927884707912,4
-1.0240068915342138,2.6538546218708032,1
-1.678370415790912,4.176598543159936,2
-1.8850068411893603,-0.796842542243447,4
-0.630299795249762,1.7266180115875613,1
-1.278133823408421,0.2969478090907525,4
-0.985072012321529,-1.276833391648798,4
-1.029181997578185,0.44004045655487256,4
-1.1203381023987948,-1.7400151127695638,1
-0.9130531302242874,0.23214499374427963,4
-0.5499325582054917,-0.1109701038072178,2
0.13123202292418973,-1.5324800393894467,2
-0.3712260390285152,-0.5361869486939441,4
-2.024385522266351,0.8893547013740071,1
4.370630793349701,-1.1854308554257516,3
-1.4752496565524442,-0.9528886970759295,2
4.417812831121672,-0.9161731333210991,3
-0.7081754461100075,0.521594582823842,4
-0.5462571538409429,-1.1706955135612747,2
-2.226457762049713,0.7388062527029479,1
4.155413253166978,-1.765693281250994,3
-0.22692818185877936,-0.3652492569460562,4
-0.997476381809742,1.223768107650489,4
4.246012850475384,-0.947884377104494,3
-0.735214199285774,-0.2034217864109118,4
-0.38864765115217237,-0.1866588251799051,4
-0.9643205108396665,1.8744328678535684,4
-0.5581108357270638,-1.353778472972104,4
1.0970398252922575,0.2929393225393946,4
-0.8537456903898011,0.7752254818989701,4
-0.4866356601903314,0.6876063439897356,4
-1.0967781793190114,-1.2288077524854795,2
4.557516092886965,-1.4393979757491173,3
0.2025567563712305,0.13007689716690893,4
3.660418316651013,3.322237998052802,3
-1.1171507465847825,-0.8147927772878059,2
-1.8363532274264147,-0.27961185772880276,4
-0.31560214856361746,-1.5775319518487134,4
4.054202369502785,-0.9259013777725749,3
1.2677704214620955,2.163260658222115,4
-0.8012573695267832,-3.1032968248296897,1
-0.8560127225932839,-0.09351983281989691,4
-0.36318909180085746,-0.00508219877947391,4
4.176767639417614,-2.0457126057655874,3
-0.47016915851758706,-1.253712140153082,1
-0.9897686795092155,0.038026216477809814,4
2.9483605529004673,0.05166785878028871,3
-0.005633613264092439,-0.8044103555142236,4
-0.7382769083568549,-0.7181968117483675,4
-1.2042381397704989,-1.0568718032608038,2
-2.102670821832451,-0.2716149130379344,4
-1.5475497127819018,1.555111782620098,4
-0.2629563879733648,-1.4289483493365946,4
-0.48580131326188203,1.702459646196557,1
-2.350890893846939,2.3761179137899595,2
0.2503504354578116,0.8268191319514545,4
4.039220497872954,-0.45798428328212715,3
0.5968642159567694,-0.581300637881119,4
4.12571504012909,-0.15164286717344388,3
-1.7376700274182864,-0.8114771575702207,1
0.1957083046009944,-2.6388740391480083,4
-1.6058005035021785,-0.2651283835565684,1
-0.559770664354717,1.7792028455143962,4
-0.6877238572650072,-3.027455235573783,4
-0.9482738711107449,1.1593208095138117,4
-0.1791353284509805,-1.4123444128149931,4
-1.3105453307500532,-2.1369679763279694,2
4.428113941469869,-1.754580909598682,3
-2.017719053697381,-1.0203059071356193,4
-2.0427995955062785,2.090441151143813,1
-0.7060237219000395,-1.569671053197122,4
-0.9838434924692817,2.338191008389211,4
-2.1308934638991004,-0.1327383231422414,4
-2.048181505070121,2.0937356921772325,4
0.16780171247018416,-1.419508756065203,4
-0.813814228520113,-0.35569186294104904,4
0.06881611918228304,-2.2269747716436803,4
0.2319749249514985,1.8316320182109447,4
3.8075335471702907,0.8263222191357901,3
4.040109057406591,-0.33474039333806294,3
-0.6136138884918669,1.437141154101168,4
3.806673457807061,0.9189460587263317,3
-1.5891673984606591,3.256122861425027,1
-1.5183338942269107,-1.4285532067621467,1
-1.044978758784113,0.4454331951708117,4
-1.022686281415367,-1.5884121954376424,4
-1.7335008713425948,0.8799983698798592,1
-2.005164032029939,0.5123733581114263,2
-2.4567114591135786,2.313910264027393,1
-0.42736907192127765,-1.9591494412338817,4
-1.3249615360236602,-3.0587729240990393,4
0.04959420242335555,-0.7333660891076405,4
-0.43393417245414884,-2.0394048434734593,4
-2.318136508826614,0.07239803455816485,4
-1.3688116070612264,2.8296398356943158,1
-0.8994060693714896,-2.083851212776096,4
-0.5000289353186645,-0.97412345907459,1
-0.43939552060653897,-2.8982452255499767,1
-0.002562622859977077,0.6468385088317145,4
-0.21620541939026788,-1.0959344434857294,4
4.5004877213855545,-1.6358356388645168,3
-1.5758762800516541,-1.6678266073984371,4
-0.7538741803156767,-2.3379687425404714,4
3.801374538593607,0.050879721421737245,3
-0.02490249069538482,2.130320727208026,4
-0.16882176704158544,-0.007113055147711208,4
-1.416872480955708,1.4193204062157134,4
-2.2079417769280245,1.3766324776934447,4
0.15085564060283047,-2.393733611922784,4
-0.08035127031692713,0.6684171893539983,4
4.220835969221995,-1.0445352998152764,3
0.5744469172515113,1.726520767757862,4
-0.14376193667544626,2.8361299952112025,4
-0.7722206767024339,1.6410369423390878,2
-1.854992122482181,-1.5951848977787755,4
-1.0953748594631254,-2.1963296568315975,4
-2.3186863181133877,-1.1883816181595679,1
-1.1381572849141197,-0.1338859356218461,4
-1.020167946999721,1.1240864267313253,4
-0.9595117199862089,1.2896804903760688,4
3.6958259991292004,-0.897981606406981,3
0.7133084655542188,-0.7761516344941599,4
-0.045835384553942655,-1.7001868057895588,1
-0.29042204264385174,-3.080050728871982,2
-1.6814271660490978,-0.18092769457017588,1
3.851040041882244,2.854824727635851,3
-0.7156642052093007,-0.12613115700481972,1
-1.0930288872359029,-1.495001316563231,1
-1.1061737331469315,-3.1951874229162387,4
3.8788219312354624,-0.8752068163535058,3
0.763193087635945,-1.2899516551680146,4
-0.8663511861753933,-1.569023191510514,4
4.0598436709702925,-1.6417621522096493,3
-0.7551671787209208,-0.5330930688268167,4
-1.5182225093006212,0.40413833770622026,1
3.336362197479363,-1.8361714707289034,3
-0.7566114769226713,-1.9791041412178871,4
-1.5364711527640076,-0.10682610348474626,1
-2.3174460607820033,-1.8028762459713783,4
0.597544388226504,-2.153773577349952,4
3.6407366768108624,-0.3661530593212639,3
-0.9609010562715092,0.09138893563470923,2
-0.5106866588785292,-2.0696185915605705,4
-0.7256701140877495,-1.8739880141359357,4
-1.5492354198524914,-1.4571000410372357,4
-1.1061098405185679,2.0509551788976785,4
-0.8406641067242022,3.5745787132628655,1
-1.7139018536469337,3.1754784509771983,1
-0.90686433517771,2.133242128043181,1
-0.12931492841849768,-1.0188901716964105,4
-0.6087614207658998,-2.071124481895035,4
3.6542685176688434,1.0494499195195879,3
-0.4684001148283976,0.4685469562760682,4
0.623144125346655,1.6031763497708091,1
-0.8057448579613818,-0.05112978422198061,4
-1.7426237462306822,0.8536638382808066,1
-1.3808572226064755,1.3484775056125822,1
-0.7876547947464045,2.1310376451545983,1
-2.392032302667898,1.2651568773142197,4
-0.8692544018904812,-0.5043010649177616,4
-1.6409889832754563,-2.3523176598715145,2
-2.4633540866038746,-3.692646653741974,2
-0.7716324308428976,0.27980388399034534,4
-0.13740865268380223,-0.4575659462328895,4
-0.7670854811946973,0.1970851438916936,4
-1.2540004853972153,-0.6385566588770328,4
-2.6242321604651617,0.7006376366695596,2
-2.4065435734146274,-0.2909369683928954,4
4.089233128940801,0.07546504720375667,3
4.015077930502351,-1.5499683253879886,3
-1.9845887379475045,-0.24112537549440652,1
3.9340932070048167,-1.4570823241768696,3
-0.7035276568241523,0.5462784541145576,4
-0.9537344799226314,-0.4501551512594482,4
-2.1020347815262124,-0.8407055935210913,4
-2.204525297375238,1.4820352245572137,4
-1.5494017004530953,1.696854487272832,1
-0.8720859730246693,-0.7805474266416029,4
-0.7139787617927417,-0.3714802174454923,4
3.9353490302347827,1.0402319781584017,3
2.1233834641531475,-0.9508130549426246,3
-0.8578044038648062,-2.3466354381288306,4
-2.2369737559831506,-0.49844914758040954,4
0.2045386908869046,-0.13111326142176927,4
0.2541754221814582,-1.0284629564883951,4
3.2816492930273053,2.401112588355401,3
3.698411237598697,1.191656617059153,3
-1.2428897926694715,-1.0169256949593366,2
-0.3877239241567622,-0.8045636272088341,4
-0.7168077414569328,-0.7903620951966471,4
-0.6782272163222819,-0.9598195359827777,4
-1.7208818991237673,1.1733015269151439,4
-1.6450766169393523,-1.534968649353499,4
3.8136927245350383,2.073729470594842,3
2.574704119817301,2.8631231201977396,3
-1.3273913353577356,4.767063772715249,2
-0.3094617908427568,-1.8027776831002469,4
0.7505396411887606,-2.5258375898502248,4
-2.3023944203126754,-1.1207893708496361,1
-1.0822180751496817,0.5885498747008725,1
0.22638124194472714,-1.9137395173620795,4
-1.05630093835539,1.6308372514301468,4
-0.6507749363933156,-3.443953554094323,1
-1.3662994559135282,2.133679197306285,4
3.4735155729131817,-0.769766995265135,3
-0.3322160225543656,-0.9948729781484945,4
-1.5844847421299875,0.26669219746402456,1
-2.0423505525721084,-0.8671494062712186,2
-1.08343084030175,1.5346318838146022,1
-0.27399656091308144,-0.6244456322416411,4
-0.3469283104966969,1.6256999613911622,4
0.23078142468237903,-0.9881735614957423,4
3.1471089454520227,0.09230669054392077,3
-0.10000849302389953,-0.9020479360361023,4
-0.4289611119102134,-0.3529531415370423,4
-1.8483319155576112,0.803330037604055,2
-0.3463705609315196,0.19572124450651923,4
-1.465469838654662,-0.0633654557675055,1
-1.1824272658407997,-2.038636882779669,4
-2.068701315084998,0.08418137576904386,4
-2.0790050678020617,1.5674265259159408,4
3.429928974675188,0.6921993540818205,3
-1.9063458671073443,1.9086398143105683,4
-1.651456512593916,2.080986590835278,4
-1.2048550287364561,0.03394909989379384,1
-0.04711912133850506,1.8608811547626227,4
4.5640353763959185,-1.8693972689101133,3
-0.6312732048687446,-0.08205975594888125,4
-0.7241253833343294,0.6492055518523132,4
-2.1311252078652823,-1.7436953228587908,4
-0.4936994320069946,-1.8922998330688132,2
3.9121526967412454,0.6336528916117088,3
0.01928571309902168,-0.896147495332179,4
-0.7516546170344863,3.481804383336753,4
-0.08621974397265363,2.8611666255170785,1
-0.04473019835204203,-1.3769028072967668,4
-0.4526372151962942,0.05881706307339567,1
-0.9410426563804741,-4.00770227273895,2
-0.34562591360323974,-1.190274085468554,1
-0.8471045385329738,-1.2476345080519617,4
4.199348460261015,-3.0451580928024797,3
-1.528536343508603,3.8465142402772985,2
-1.4770335455798624,-0.7073425670631472,4
-0.9939686405254048,4.026670258764839,1
4.011109175365328,1.252051408335031,3
-1.4529889449302564,-0.8890824424488002,2
0.06322268222575649,0.16569563968426848,4
-1.044641639836245,-0.5692898542191184,4
3.7604126018590396,-0.36693958946751865,3
0.9973240186940983,1.2453610630024545,4
3.3175368101268248,3.7563923145553533,3
-1.1550753144386359,-1.668025814097475,1
3.9887150447255046,-0.2088402476331019,3
-1.1527609971205608,3.971468646730965,1
-0.34343303282911075,-0.6754250930784682,4
0.47903274765719955,-1.1116471641861458,4
0.5209863602366214,-2.168713501865901,4
0.9898108151982212,1.3902720495200422,1
-1.391978186933869,2.709755932793494,2
4.032688530062117,-0.08773972115480334,3
-0.9827669428096464,2.930686416453995,1
-1.7252825288984655,-2.0966918667943193,2
-0.05530665635711693,-2.699933691438094,4
-0.7466386304187949,1.261969956396521,4
-0.5306142425445217,0.4095637384503398,4
-1.239130125764986,0.9748649139831986,4
-1.2037895589505858,-0.5842965509258065,1
-0.4117127002359602,-1.947270256525703,4
-1.0616929130108506,-0.30502031537747193,1
-1.8768501008717793,0.07624960825695729,1
-1.2172489066721066,-0.2015800994757433,1
-1.063797158619074,2.296536063806949,4
3.540341493029566,0.1717689871096013,3
-1.107585672143276,1.4949502902452807,4
3.337635310144885,3.247031491407837,3
0.16960377278170938,2.3872867238775384,1
-1.681752307710049,-0.4708907879610134,2
0.26419986077955504,-1.3019345205345718,4
3.9118230261713154,3.596882759424142,3
0.2762656291343224,-0.44353745232141323,4
0.7278532014006466,0.14888876124427058,4
-1.6131259773001763,0.3363295808212097,4
-1.9875128465071816,-2.5495432770291866,4
-2.207572621738972,1.8347402412028115,4
0.1592094531048647,-1.022708290549248,4
-1.4368624087336912,-1.4445769058794404,2
4.056555624015267,0.8376572509340987,3
-0.28656304855567694,-0.7001999863924703,4
3.9579085980943565,0.500798460510908,3
3.446286898232711,0.6732462646395345,3
-0.43406706269481937,0.3327035814745095,4
-1.9194739378338097,-1.8702159511922618,4
-1.1574757589783262,-2.113491309963161,2
4.217702986904285,-0.06870415856233858,3
-1.9559835588866286,1.0558146255541128,4
-0.3616071728033224,-0.15068593914518308,2
-1.365818566760345,0.7861701504870856,4
-1.679839843276754,0.6557499711889723,1
-0.7924889938557295,1.368415371496344,4
4.102432189451794,-1.4838183729880792,3
-1.4330931813406067,-0.27108154707889043,1
-1.0009115269397255,1.8290220937721506,4
-1.9838636034464752,-1.2106636259569634,1
-0.8244187087102599,1.3641237996086908,4
-1.5638315254319217,-0.9099105946887001,4
4.399545836196661,-1.4048932440622164,3
4.096886008636988,0.13268764153923593,3
4.273811943238455,-0.6221119086913351,3
-0.6807788572683541,0.5711116657540509,4
-2.527297858834127,1.808185092848639,1
4.220735417959485,-0.2858657175160407,3
3.8861931650047827,-1.0397800688529562,3
-0.3660455765873444,-1.0188462707871182,2
-2.93158626089849,-0.38001131469555655,2
-0.15572864172022294,3.341342948821648,4
-0.6965754788215045,2.8505288534279654,1
-0.45554950314987075,2.467548772432105,4
-1.1019193316490827,3.9071076629805823,4
0.3656685161732392,-2.524195088482034,4
3.618839090994194,2.7659407162769702,3
-0.06697908439483602,1.0354532016963909,4
4.184463390762514,-0.4100838148086813,3
-1.561433349936761,1.1348182767629043,2
-0.19911767481392878,-1.799449515478529,4
-1.1083011459990544,4.473686385373243,1
-0.130922917888544,-0.7212094937095073,4
3.388217363447934,1.749217765058233,3
-1.1483251486234527,0.39630608536592254,4
-1.9582589292055756,-1.193869925368386,2
-1.0499391045003463,-0.8520465810056556,1
4.388695312330312,-1.1573293705863894,3
4.077493804069533,-0.39090273776204704,3
-2.6670936639772043,-0.8168681135941781,4
-2.4180792171117163,-1.4907681157472288,4
3.4505462249716508,3.4386650310843545,3
-1.973453036688861,0.2795991041489876,4
-0.03921238886957937,0.21642376693201146,2
-0.044530344839701974,-0.9031015707695386,4
-0.02887909778387153,0.05133499117074164,4
4.2307489382106,-0.25226239705640385,3
-0.04446306851042425,-0.7588235176985527,4
-0.2810861995424232,-2.499157670518394,4
-0.18734879372689225,-2.1995156343798996,4
0.5573891032717597,1.1410503125065643,4
-1.1489768052836133,-0.46572254907250465,4
3.5734452854042953,2.15362710440691,3
-1.387998729196587,-2.4449429324739986,2
-1.3994654318538189,3.1933196524274226,1
-0.08592777783320214,-2.5727547660075927,4
4.039074588451537,-0.7537757735436068,3
0.4362487965163718,-1.5984232054160004,4
-0.33457369554585253,-1.6195371283725417,4
3.9232624448356166,-1.8003774491874693,3
-2.274845860162994,4.74855761598005,4
3.666630845524362,1.2086270262957557,3
-0.6237155390345673,-0.023286717011051138,4
-0.5294458236081375,-2.165616575104832,4
3.0362563958284805,0.6745386543753952,3
-0.4614966960127908,-0.4295000952410919,4
-0.6230895788409943,-0.060937810136227594,4
-0.2669169494441682,-1.7176134751984948,4
-1.7431195480721673,2.612444915859587,4
-2.2500899549943782,-1.90937530085794,2
-0.7467026380097282,-0.4525990595186814,4
-1.383217770712665,3.0456621849087746,1
-1.3955498434495643,-0.12747555938263827,1
-0.8867297441898406,0.1897432524967783,1
-0.28886323127554425,0.04926655514438756,4
-0.44435075530325224,-1.095855885524327,4
1.1753425352241706,1.6409614231307432,4
-0.08763947180085128,2.730267322413993,4
-0.5859307078853525,-0.9851599696994432,1
-0.4303448565849763,1.792774192203623,4
-1.4492262397340632,3.2699787433458343,1
4.195641567524255,-0.7993760726015898,3
-0.7155047096745024,-0.5183394778031624,4
-1.8404462805540045,-3.144907628499855,2
-1.7898559321662348,1.4735120530393921,2
0.4370112468537947,0.6032166201080587,4
-2.6444457011704903,1.1674016782328727,1
4.196198022846017,-1.5346980056531268,3
-0.6503543185050813,1.112250932043645,4
0.6488769741471508,-1.038797793030729,4
-2.687490076997753,-0.4392269212155246,1
4.494656260133792,-1.0776754115707572,3
-1.3085276583717018,1.561240307304723,1
-0.7885166989220523,0.028174434566086124,4
3.503724768390362,-1.1073282993618747,3
-0.7210297910653511,-1.8481982968524922,1
0.4064717291196052,1.9297704422565614,4
0.4908225777689624,0.16982595793939634,4
-2.466569467455264,0.12776846029304426,1
-0.4444699093049244,-1.845759223770866,2
-0.26390439956921896,-0.5354681326610021,4
-0.1446428314361264,-1.0495533039253597,4
-0.183970326369465,1.2385552058628857,1
-1.6173258712845942,-1.5332531222754255,4
-2.13563368843627,1.2053403781325445,1
-2.648426199810912,-1.6707002728088556,2
-0.4771177599654243,-0.7341235152487854,1
-1.7843570392393744,-2.622199103099636,4
-1.4001304274651554,-1.4972138657256615,4
-2.1658114321186224,3.104157062450829,4
-1.486945778639006,0.7172923036176051,4
-1.3430177412308277,2.3806486183929465,1
4.231967096422639,0.5164359929708052,3
-2.826793755966697,0.46905526105683637,1
-1.663079567402111,0.9893456583272306,4
-1.3397986981397307,-1.4790598559594426,4
4.135068115290975,-0.027351803666586336,3
3.492715166568132,1.7101454085347052,3
-0.045229747234568754,1.0641678339452245,4
0.609814459668035,2.677964655927339,1
1.0434594487753748,-0.6938091944106979,4
-2.2782712220274655,1.54649167347752,1
-2.6247392252049875,-1.4799774017316856,4
-1.7147393346872395,1.6280939184958008,1
3.9985519601212536,-0.45016232573675846,3
-3.2573245556489017,2.2800504416832994,4
-1.0943980894599392,-2.8937849928883175,2
-2.093553184532912,-1.150703299222111,2
-1.2334648587690307,-2.0956198636568684,4
0.08614199066754813,-1.3364671446178291,4
3.75972769808369,-0.35946306545942047,3
-1.7027057672886696,2.046578409363837,1
-0.2430586708814243,0.19322975194524042,4
-0.5605162515470529,-2.228697689740844,4
0.022956062898520358,-2.382520135578296,4
-0.7576949771104609,1.287840284124867,4
0.23833113312577392,1.3460508788217298,1
-0.6140574894571522,0.3701226773900113,1
-1.2453275554515935,-1.9175713671076016,2
-1.4369616975101878,-1.6366575163589052,1
-1.3342189671969826,-0.4532033694559929,4
1.0792500309665785,2.051945472907705,4
-0.29889464506378116,-1.5654819959306383,4
-2.7757254760750687,1.4893989903473608,2
-0.5513632876417933,0.607518129131857,4
3.0270348823211912,2.838965534729219,3
0.7090190029635527,2.5034814503117313,4
-1.0662652558276693,0.012745407319589477,4
3.823132973189026,2.3741544198120295,3
-0.5057525470194361,-0.0130623382119065,4
0.10665249673798538,-1.748664275779771,4
-1.7417474579743855,-0.05465225894977011,1
-0.861488016827644,1.4852848456749852,4
-1.134487107840314,-1.959320613876791,4
-0.4863322563324287,-1.7614364555384596,2
-0.04232894813431509,-3.1560069047636525,4
-0.5641931435726604,-0.5229513487082524,4
-0.02687854171331324,-2.015471122784829,4
-0.7350559534752048,0.7053153327895424,4
-0.2932622206066539,-0.5688599014877049,4
0.738527413769782,1.4979012452716596,4
0.3457780558205875,3.6173765060873766,4
-1.5172418458116557,5.173376645760275,1
-0.17163793150517248,-0.9516550242970313,4
-0.005804968815903041,1.968174752222121,4
-1.887705240603853,1.9924206680911376,4
0.38240888091187586,-1.1940924189415296,4
-0.45262974623891095,1.3333400582625903,4
-1.2622460376233646,-2.5409334209488526,4
-1.0789928760616354,-3.072122379176008,4
-1.4785876896348797,-0.6692327539174517,4
-2.16186569170032,-0.670971144767941,2
-1.0492734688212488,1.7104452952495657,1
-1.1118120969256482,2.1467926580388723,1
4.257530219488864,-2.7698636206082914,3
0.950862577710212,-2.0522408217145403,4
-1.9158145634329566,-0.6892501753823962,1
-0.03355079060999452,1.7598274915008505,1
-0.40408858868706266,-1.6109059655303242,4
0.2464221072958871,2.5766055953586795,4
-2.0956892534089238,2.1871844473483515,2
4.216020473200861,-1.170129198305235,3
-0.8386425541252531,3.4716717778500668,4
-0.10858194491982344,-0.2570981219128765,4
3.4179701269054448,4.5005072513773765,3
-1.5788712640387528,0.3042887052970601,1
-1.103885905809196,-1.1310034174499726,4
-1.1952758501874503,-0.8869384168185422,1
-1.1561075918259849,-1.0203280933898042,4
-2.1108731398494895,5.0381543460964995,1
-1.5175458911299538,-1.3804473979753615,4
-2.256939610385662,0.3296232453680243,4
-1.204208937794882,-0.5936061605181198,4
-1.2500258388525123,-2.1266367115711784,4
-2.277042306347503,2.3044627801674284,1
-1.7064049710479103,1.361772814993236,4
-1.4603146650441512,-0.09211404574281541,4
-1.5985834700463768,0.0739661209583526,1
0.015724405523008394,-0.11710651947719806,1
3.267537579274073,3.7144983765398476,3
4.251609143162018,0.018680709317382135,3
-1.3459709952752217,1.869135597327696,1
4.2295274219892125,0.9327437345612328,3
0.09949702432509584,0.35273157705620917,4
-0.5916930027785055,-2.3394125652404845,4
-0.44825874414185274,1.1702136698992176,4
-1.5597744627584396,0.6102782746412444,4
-0.35044762993180295,-0.17092249227702172,4
3.5766400488914005,2.2364856098354338,3
-1.1352646574382699,-0.5366425252870224,4
3.5476998496282883,4.592083007257938,3
0.4699654636420846,1.9816864536244176,1
-1.3514015560277723,-0.050711276403445006,4
-0.6707209976434066,-0.41037071807032643,4
-1.280964581494654,3.777495781319557,1
-0.14761425184514976,1.979809194195038,1
-0.9302866898416046,0.6531415988247976,4
3.4802910012287467,2.135371779134122,3
-0.9577748999331152,-1.0624177570947333,4
-0.6390103262107371,-0.12125254053632709,4
0.3398863719523754,-0.8486229648942123,2
4.3366297448450775,-1.0309238144684392,3
1.1515230103739058,-1.2599828884971207,4
-0.4618246929332697,2.2530628052927284,1
3.8457954610026635,3.4614926271634276,3
4.006475439888315,-1.5134281825323217,3
-0.4198657363784794,-0.8557372558662147,1
-0.7877224429478407,1.0499058927567992,4
0.11429451157021762,1.7688636458298639,4
-1.8197248836755493,-3.375880136428,2
-2.163665163779498,1.8390647441857366,4
-0.8852702073841083,-1.4404883428766668,4
4.051091629966113,1.469842568813317,3
-0.47065126766763216,-0.6089935048621054,4
3.905403360014755,0.5029091046152548,3
-0.27567005104081777,1.9351133176379185,1
-1.5345038966375633,-2.800327000141127,4
-2.2118251883819067,0.23348449444772176,1
-1.1641144117279973,0.5107764726767514,1
-0.11567330869049193,1.2618615516288376,4
3.4048253334412077,2.166102430209518,3
-0.3648627367049291,-0.6422912792306515,4
-0.27620134909127203,-0.6643652780488107,4
-0.6299903424545766,1.0472690064066938,1
-2.1336989882131983,0.08385812038429061,1
-0.23956905724007585,2.0228609171422836,4
3.89469524809672,0.9522688898487821,3
-1.4333705983582772,-1.4045722356679846,4
-1.2536006462329559,0.10663620477570832,1
-0.5370348853965714,-1.4742947157330288,4
-0.5343034889809678,3.8588869253006717,1
-1.1630780030831689,0.2382226177744609,1
4.254088857919371,-1.742878159829298,3
0.07685547730460397,-1.2563605127528634,4
-2.0551506354436158,1.1229949904593812,2
3.889786534308635,1.3775284806222547,3
-2.22582997789761,0.25150050623728204,2
-0.9652063096241629,-1.7194025940468334,4
-1.8477792925725836,0.05549529261460825,1
-0.6926416884161166,0.3842968306820782,4
0.37467438287881394,0.9497908381700524,4
-1.1993045891516745,1.5220938601646785,1
-0.10997396755929814,-2.1781718944698802,4
-1.1557422115657747,-1.3222289369016296,4
-1.7601056692432846,1.4619574259257564,4
0.5847508274740659,1.2618724181037813,4
3.9936633198234253,1.1491512000580992,3
1.3363559780261314,-1.080141802470265,4
-1.220256851592428,0.050443620259678044,1
-1.4379931958247056,0.5650662042239118,4
-0.0006188313623209571,0.6997293190878333,4
-2.4007240937467134,-1.3209818753526985,1
-1.6608421176159505,-2.784927677604762,4
0.02738739097720561,-0.421441616579688,4
-1.3492688649437787,-2.25349175714434,4
-1.2430329044284945,1.255660032437463,2
-0.8667215238740577,-2.1660835781591246,4
3.7901379401634863,3.666997898759714,3
3.805661826730702,1.2495721974830323,3
-0.2303298584087501,-0.958781311455545,4
-2.1835574082225526,5.796607635373605,1
-0.5301161842274807,-1.7148457598761888,4
-0.7322214233714757,1.8430027231865966,4
-0.35418379716664367,-0.9625667745979686,1
-0.09253570844941023,-1.7700388866964822,1
-2.252403541444606,-0.2947857892693185,1
2.5432359879191835,3.6656690358122455,3
0.3087878937822108,0.04868616847985791,4
-0.8163744529916003,2.4778507668508825,1
-0.782371878357119,-0.33249825332888505,4
-1.0357366770643002,-3.7117311567892624,2
4.249658389123668,-1.1732539105875681,3
-1.1432283124150686,-1.6191386404112005,1
-0.6748126793039629,2.2485821957041243,4
-1.0219611162622138,-1.2213431757173019,4
-1.1378712420829087,2.7042287518514057,1
-0.42293161711999083,0.9228539440159056,4
-2.626404926714342,-1.1015686955679485,1
-0.7347968266967194,1.1939466313184421,1
-0.751482679875825,0.4797927323084893,1
-1.5481575660516493,1.0909890117713374,1
-0.5220655826885668,-0.7934270343433282,4
0.9962203838383121,-0.6874566098658038,4
-1.631738217847596,-1.4088882868024306,4
-1.1210799424700113,0.27945631777913016,4
3.8932710308086653,-1.1534925252860257,3
-1.2356829241787795,0.4832023489345776,4
3.8570518447775086,0.13255971869902883,3
-1.403743932125098,0.42309562582763394,1
0.43713133240251056,0.4041283901184393,4
-1.886275752450856,-0.09081303230353013,2
0.09928352810867357,2.009455233311613,1
-0.8861382767494884,1.3668652221168265,4
4.118005182227518,0.314663585880163,3
-0.4146017639081759,-1.2702380336702543,4
3.071510464666806,0.2968236113099702,3
-1.0028862232635876,1.099208622387996,4
-1.6441532701288413,0.6681422312480989,4
-0.7376838940499825,3.103659560483175,4
0.06061661518527897,-1.4408836976554567,4
4.291891651137025,-1.997799739571708,3
-1.359773559772999,-0.19145750812022333,1
0.30911312852414935,-0.09025667416505083,4
-0.16413084859780483,-2.0551064513500563,4
-0.018478195703514694,-1.6747885823649018,4
3.0520616667184237,0.6690649513882166,3
-1.6584019634328528,-1.0299292327733907,4
-1.4369934494194248,1.991823489155537,4
4.182452678474117,0.5167391309002695,3
4.296965680976458,-0.06500302942299033,3
-1.1510298452994792,-0.8517305239607481,1
4.064482191095127,-0.03445028081388302,3
-2.8416777144184375,-2.317340140307235,2
-0.04907700266340091,0.6249230569942303,4
-0.5462508306232984,3.3616765546751566,4
-0.054606295135665256,-2.8996161686393442,2
-0.8968928153206692,3.281861927242865,1
-0.5531164962362612,2.893083671452591,4
4.398314334909893,-0.3438306033127733,3
3.4367730550610793,2.9824624251446092,3
0.17127578616608038,1.1676758945959695,4
-0.878940152851436,-3.3862989750195687,4
4.199090499064228,1.7750575390286933,3
3.9916313102639687,-0.08039714280088506,3
4.143963007206951,0.5373679406618141,3
-0.36536500567676394,1.1526926712729413,4
3.561726522811344,2.3056140587694585,3
-1.0910783171480019,0.41965550957400877,4
-1.9558730278109069,-2.605285992392339,2
-1.9417563207749158,3.8514523821681914,1
4.0788253726983825,1.183615676153699,3
-0.14208695692210863,-0.21388754510627067,4
0.6512034768663034,-0.6624599024858892,2
-2.1299450624814855,0.8254034467913461,4
2.6488553016941787,5.484042530757992,3
4.093286986022125,2.325382852980019,3
-1.2442758053949075,-0.32569238557619756,1
-1.3611574179535884,1.0134723574215039,4
-0.20078212115457603,-0.343804139463545,4
0.8540006299648044,-2.4460583769747757,4
0.006533308333539494,-1.0780807198911768,1
4.331656893867293,-1.6634225829158928,3
-3.020221436071353,-0.16190055105591636,4
4.46061464996761,-1.18326185249927,3
-1.4285868440141432,-0.854526167340381,4
1.1137521471919232,1.0976913287306045,4
-0.24972899272271037,-0.3821055359923945,1
-1.5511760708705729,-3.3695978086698473,2
1.175665854626458,-1.0090526159533253,4
-2.8875083125821708,-2.171376303154248,2
-0.9518385818327463,-0.11439917972147699,1
3.8639813722882197,1.4275992197683904,3
-0.5132019581073493,1.4507529902960032,2
-1.438291243484306,-0.6749150290344281,4
-2.161293903692499,-1.0479926552175765,2
0.08274319328855945,-0.7408479853475903,4
-0.5106946030873301,0.25124112823315015,4
-2.6219435412649426,2.0614210718001846,2
-0.8260813608614183,-0.0018094983391457704,1
4.142676254080027,-0.1280854464616763,3
1.0243738885333005,-0.6853594735905798,4
-0.6521979444217277,-0.17142828475968822,4
-1.4531110508987743,0.1578703027864135,4
-1.5250623374056063,1.1412952306542234,1
-1.8837372364300438,-2.337056109463918,1
4.069665705551473,1.1342227347724754,3
-2.0861625631887972,0.7656983375713321,2
-0.29862977427351783,0.8153269298154978,1
-0.761369664739751,-2.301189246307163,4
4.408822989963057,0.5725624119580247,3
0.16345441329394125,-1.667984772598495,4
-2.071151231273174,-1.2713203194976566,2
-1.4355769069673947,2.3137504689337653,1
-0.7346467332653791,-2.4998780885191234,4
-0.5867321300280893,0.18906752669272464,1
3.786465761670739,1.147378754601559,3
-0.7193426969461403,0.24519942099455452,4
-0.5388566605721143,-1.6403335885521748,4
-1.356164839846828,-0.6405895940179932,4
3.5550554450334104,-1.2914648225408645,3
1.2969360377037076,-0.7266761291221482,1
-0.7849012055693321,-2.0877232412922533,2
-1.4768111735378158,0.42677312874383294,4
-0.25261995085387956,-0.31928625186544707,4
3.945291304791329,0.8431446567950186,3
-0.4209391877457588,0.22434134592363264,4
-0.2309217957858003,0.0912429480355461,4
0.2690262734174459,-0.913838731850098,4
-1.3120182135953085,-2.3857583187572495,2
3.8927411532678393,-0.9471645065649661,3
-0.7365938343780706,-0.07794551727695606,4
-0.5534456770409386,1.0868146931443188,4
-1.6081982069687655,1.4558011298167188,1
0.5243608890064225,-0.39181113816589963,4
-1.3316581205011198,-0.0425423236761969,1
-0.9741691146974831,-1.5717246213148646,4
-1.5799229417846845,4.889744862925603,4
-0.20682512598012553,0.00040241411404811955,1
3.937026540318937,-1.0190492693734214,3
-0.26472394863164495,0.71851811437068,4
0.19094900749562346,-2.084165945046529,4
-1.1475390106643462,-0.0030288187678122773,4
4.109804949876565,-1.7520842169281512,3
-0.9920421777844953,2.0160415726882515,1
-1.409764177086364,-3.3531234568602244,2
-1.1716397312992668,-2.1069838922643385,1
4.47682447045761,-1.1857981784014138,3
-1.3225814383898764,-2.3131939023240427,4
-1.3246535022591017,1.248005550911689,1
-0.4493919532868107,-2.873851231574716,2
-2.275673115760214,2.4676427761296345,1
-1.1738180935089277,1.656074442035086,1
-1.0365217770497575,1.4036843092642046,4
-2.5387764062768254,1.3721617428278017,1
-2.1172407203674015,-0.13365457381811865,4
-1.121858774827809,-2.150861659566542,2
-0.07373583572202778,3.2939116891607836,4
-0.006140486896371952,0.15195430796169834,4
-2.1377001913055698,0.9098743437990475,4
-0.6689490940927195,0.5026539690492955,4
4.374459289832565,-1.4142901970194255,3
-1.8013473615151394,-0.09598303416822869,4
0.4723988234771275,-2.0621200607410515,4
-1.2311904886900569,-2.149101080920397,2
-1.5918921446561571,3.4631936100204483,1
4.477707022940493,-1.0177684711749406,3
-1.6718215718414224,-1.2816142498732672,4
-0.4675885816240072,0.02047747217262137,1
0.6591173314378443,0.8683599799324138,4
-1.283010463830497,1.6618022605289078,4
-2.1061639877018785,0.7622417415723647,2
4.270923779672649,-1.3041917398272234,3
-0.9963294771638337,-1.4478808633084572,4
-0.7172853607915658,-1.8531002581811462,4
-0.245575192903982,-1.0928433256456267,4
-2.389342040130331,-2.964277147586596,2
-0.8072393947220046,-0.5669642783962437,4
-1.2556859008721841,1.759978788808135,4
-1.4636916119131713,-1.9531776177632838,1
3.3548401960405414,0.6485369248056413,3
-1.2425841540952403,-0.9549766422318751,4
-0.40888762240745985,-0.10225354721406293,4
-0.70877003535986,0.928341852213311,4
4.52425797046698,-2.7657286711995748,3
-0.77654368031023,-1.1977686258676794,4
0.05131513562531504,-1.701972620279055,4
0.15544947632584238,-0.11111673797202225,1
-2.0648605974787926,-1.3855990543594021,2
-0.12015396381987004,-3.3606286829818,4
1.4116629056859435,-1.3341608231430397,4
-0.35443268349756923,1.2009129040285094,4
-1.866195707660334,-0.24483793019716643,2
4.504564946705472,-2.385573718761563,3
3.4894593352395367,2.442431126699175,3
-1.469669671730486,1.4020174653036157,1
-1.0590522909721656,1.523564917337127,1
-0.9670915293331017,2.2578851450620263,4
-2.2193039982472866,0.6547319432896616,4
-1.6503400295404553,-1.7675483565851446,2
-2.1774912473801136,2.2969882426731503,1
-0.36727537807258087,1.4304032390783072,4
3.928416602544505,-1.0844370471924387,3
-1.3157349429292757,-2.994892874207214,4
-0.7560519275549717,0.046670617549083304,4
-0.5908452899769971,-1.3545408977515823,1
-0.12913152140002776,-0.36930726860440677,4
-1.6256242052897742,1.6364605196163418,4
4.0595900521728945,-1.1759245727918646,3
3.0911312669028668,1.8137757880729661,3
-2.207454985467517,-1.5335116476812687,2
-0.2430306807966286,-1.4503079927532283,2
-0.7283827533918451,-0.5410736913214025,2
-0.1657147289726045,-1.4204579446342853,4
-0.22638755257920176,0.41123827804676993,4
-0.7894476822718576,0.3782114230231348,1
-2.593632525489931,2.371166190660201,4
-1.0009380804792603,2.510255915976109,4
-0.28980682105087147,-0.23363339610134726,4
-1.100636894231018,1.5497143778048454,1
1.3756582779872482,-1.1308638476072375,4
3.6598482806737365,2.47169733298062,3
-1.147359562563215,0.341881024090182,4
0.34034224631538224,-1.9362918708910892,4
-1.2151206614271914,2.2152726635779234,1
-0.42840571210627165,-1.29177447552562,4
-0.6279297203504165,-2.414861154531923,4
-0.25758410056888426,-0.2146646419952583,4
-1.0058986237836185,0.919198814483076,2
-2.543958041133652,4.062780544281597,1
-0.9382775211370262,-1.0943008325682178,1
-2.5158156678185573,2.692172945607365,2
-2.1401471533128094,1.1854203791232631,4
0.9184911874867472,-0.3704275424119557,1
-0.5790657977849011,-1.2086545555499886,4
-1.9137306305741375,-1.9391019581752968,2
-0.46706257750451563,-1.2932469730308978,2
-1.7217174159416575,-1.5330609097752639,4
-1.03394653731698,0.021188497332678104,4
-0.23697438917093108,2.5696301079425856,1
-2.078128117454186,0.7178220169486104,1
-1.1938820000275412,-2.1572239491183614,4
-2.350189094089867,0.009585910073539377,2
-0.8319798135004204,-0.486992822400441,2
-1.4349986981118052,0.010532375326280636,4
-0.07872930865266455,-0.21065583473178123,4
4.5970509480265545,-1.285545193560929,3
-0.08650870276606691,-1.3428782501279461,4
4.346293892275513,0.15595796033254075,3
-0.8932085557430949,-1.8336504178908293,4
-0.22801822279142148,-1.236525395233327,4
0.2879565672034704,0.21741917185910822,4
-1.1702200224710957,0.4108765832711687,4
4.563758529183694,-2.0548692666395154,3
-0.8035083959958713,1.5175953252628702,4
-1.3799958461145034,1.2383424271075443,1
4.376643528725874,-1.2345006930027327,3
-1.3647902170827524,-2.664668455192489,1
-0.1943728276544783,1.4684647265953295,4
-1.4502768242592083,0.7141112457000092,4
-2.547174608280741,1.4946815505963449,1
-1.3382829305782133,-0.5147070389712026,1
4.01504408848368,1.7547203946303904,3
-0.3525839032271792,2.965038187925327,4
-0.7370829931509426,1.3246164615707199,4
-1.4158344175889825,2.296377611237839,1
3.7270905203049804,4.771842377746923,3
-2.0188709563282217,-1.127078393276257,2
-1.0801943719098321,-1.9752979347194255,4
-1.3497526173245644,-1.0870382362170867,4
4.167216891971206,-1.0826884835321995,3
-0.21849323868542367,2.9978252912348156,4
-2.1392972790207647,-0.16182519261716324,1
-0.3176640669300787,0.5580659528704818,4
-1.3061641355756233,1.160175362958062,4
-1.1935415743498015,0.3828580573583738,4
-1.02914828014835,-2.945408901818181,2
-0.558768991439573,1.3001617215601182,4
-0.8280280020004852,-0.321030919332953,4
-0.32124840194103443,-1.0038566107498166,4
4.397397149521792,0.24778468453511265,3
-0.22349753283428228,-1.2579685023411293,4
-1.4513050189533339,-2.118577318531728,4
-0.23679217342851194,-0.5383130194725912,4
-1.2434560447225742,-0.3683609747209216,1
-1.3665800700152013,2.7152357546485497,4
3.903598315502086,-0.0859307855576428,3
3.4927773935375734,-0.011594295185003654,3
-0.5927299906778738,-0.07836004419420425,4
-0.47132117835628284,-1.6798842855816452,4
-0.6859092452827172,-0.4523686910509448,4
-0.09151094895515045,-1.0141458699411574,4
-0.9713889923212955,1.7977873165610017,4
0.0046463946904288095,1.2563386902059097,4
3.7854420529990014,2.5589276879328593,3
-1.6565207819710563,2.283458210661044,4
0.42387306016647813,0.5259218917204839,4
-0.8320281511875324,1.7767129882274666,4
-0.3539106497694599,-0.6503510755865106,1
-1.4773723271134367,-0.8123536720097452,1
-1.47584540130666,-1.4331424468826812,4
-0.5377349648810035,3.2118462802806174,4
3.9652206260002427,-2.023796194254913,3
-0.5576836727233654,3.3091836080039223,4
4.04655941934498,-0.5951974711890017,3
-0.3354291449980704,-0.2848469739668387,4
3.797982099659012,1.7397937548854994,3
-2.2885296081600264,-1.0859596695193994,2
-0.3673450888477689,-0.5190703893790956,4
-1.3969983187571486,-0.8779922549379515,4
-0.1366561427383952,0.06661594469820502,4
-0.6782383816110302,-1.7132688285648634,2
-1.2531040310590253,-0.2760670630651697,4
0.44046854202238944,-1.503253837679822,4
-0.7524262440262893,-2.095664841594773,4
-1.0807864530152613,1.4412489618786037,2
3.657322876274639,-1.622624755867801,3
-0.3880270966253314,1.970966970105613,4
4.052204495365735,0.4634061218372101,3
-1.353788467847768,-2.0139173049103367,4
-1.4163020812060523,0.9727791206085753,1
-0.9758780469475528,-0.10650792210604865,1
-0.33500842052315094,0.5426701457951301,4
0.7518544514387329,0.8572203582768905,4
0.3354862195955409,-1.3295196037347163,4
-1.7258443069244653,2.0387485840533253,1
-0.7181232757912454,1.5233911551979935,4
4.284004001426833,-2.600273448448264,3
-1.2268597330125866,0.694596527608354,1
-1.0911399631639311,-2.631862723091979,4
4.035715407035401,-0.23699306947108728,3
-0.8183627824300712,-1.6727882259515032,4
-0.5546728747341114,2.7412817465752393,4
-2.167597713751697,0.4922274515317666,2
-0.08034225506657118,-1.5749901689101726,4
-2.296004009804218,-2.0028651875586303,4
0.48800292791911654,-1.3682359228787866,4
3.687262517470924,-2.3518120247715837,3
-1.8069798647118767,1.0209948312185169,4
-0.3279905290851822,-1.135487941205842,4
-1.7513506130531469,-0.6885901057914824,2
-1.7746935088020617,-2.298807781124655,2
-0.5472226523389974,0.5473334805319845,4
-0.912385070792363,0.08838629155479896,1
3.4507001730279607,2.675048005570159,3
-1.4567131864658116,1.2687378511176404,1
-1.7155474589972226,1.4392922806583324,4
-2.2931549365318427,-2.741940857975054,2
-1.4813473993966149,-2.3510936647716845,2
-1.3529801149313365,2.6916754026235807,1
-0.7324288926202218,0.5312178668728683,1
-0.6078469268002874,-0.26244512289997074,4
-1.5253331227272593,0.23813760085007915,1
-1.3542090265032765,-0.358700225974074,4
-0.33485776380741106,0.684724342265553,4
0.11534099457098239,2.171631180073016,1
-1.9597319546761494,2.436400580269827,1
-1.146020134174656,3.139167196473126,4
-0.40400020169830203,-1.3558433267134895,1
-1.7762085086390909,-2.9894813369984896,4
-0.5832179945758418,-0.6316097652752533,1
3.866119444553662,2.5290504720263134,3
3.9369860454322434,-1.4396578781059666,3
-1.4235208683049216,-0.36111259480342783,1
3.2622251007586116,3.0108433955392297,3
-2.0917688598542914,-1.0098407660503548,4
3.9237462428516685,0.6310513737153218,3
-0.25689204176505476,-1.08670873117129,2
3.809283659151606,1.8080232469199469,3
-1.0027417648411323,-1.1802376960273235,4
-0.80680173587578,-1.4686434614772486,4
-1.031841256428793,-0.7561734737897242,4
-0.7730711413044985,1.4297348196085766,4
4.19503317965883,-0.4593965807348174,3
0.055616250501501506,0.24445207947782188,1
-2.473987441812729,2.6380436135428393,4
-0.6877033474352229,-1.3473202478897122,4
-0.9745355282028075,-1.1662156150171366,1
-0.08444244487445328,-2.152223542423614,4
-1.3634070258896396,1.1285904526860326,1
-0.8904538177457454,-0.34501941271494074,4
-2.4370643634442453,0.3184400924830788,4
-1.5133326483343978,-1.9971080161852592,2
0.026788560541565053,2.276270252125299,1
-0.3349295442576302,1.1228804078882115,4
4.246964343036131,1.0985749840778516,3
-1.428107569429112,1.7520917046819648,1
-0.8517632511767822,2.8203899007625095,4
-2.1699762619957252,0.24698965427978387,1
0.5079653338065035,-0.16034055801599467,4
-1.0760270587644507,1.0622333274659999,4
-1.2857159330489576,1.1311899784265644,4
-0.7024915579087285,-0.741355153726344,4
-1.0256901709017887,0.508661783100941,1
-1.62191169999336,3.5144628706851613,4
-1.0207634471675142,-3.588620993456887,4
-0.0546009415600298,-0.5891768676366297,4
4.06848504614106,2.318605381534895,3
1.1442651774766475,-1.123078371989414,4
-0.17140788581176294,-1.0095962929990017,4
-0.8949752332009735,-0.6778753207417414,4
-1.4067283039656278,-1.9786518026590327,2
-1.3210518488581182,0.7928908031303418,4
0.5099321823383377,-2.0528503292898,4
-0.20644756321216978,0.5424689342781782,4
-0.2598984773483531,-1.0356931422021975,4
-0.37692561425597354,1.3150971931101907,4
-1.206402154633927,2.5939013802159385,4
-1.243397174308025,1.0389753490029296,1
-2.061425254919849,-1.9284139915101997,4
-0.7984611081106278,1.2682060271173043,2
-0.6449550866811273,2.5480572172177696,4
-1.5921803548406521,2.693895439066147,1
-1.4843149741754316,2.1205901249357066,4
0.3616761129255008,-1.2230797525181019,4
-1.2048051274462768,-1.4658532871962577,4
3.6443259095612737,1.8513062091018702,3
-1.5683601541468968,-2.9691002734835035,4
0.7078207299587292,1.0665335604754838,4
-0.7404113151288548,0.31800245417566153,4
-1.346076091419746,-1.41780715331718,4
-1.2278464092109138,3.6389806723186595,1
-0.5578774490597234,-1.5138702081937647,4
3.9743748274573956,0.2646131284035498,3
-0.31060964470539654,0.4914229465458783,4
-1.302248337899618,-1.69419870844797,1
-0.3883551878055043,1.7951092642559718,4
-0.17936579679188208,-2.641716746664086,4
-0.3957091598436765,-0.23624345924886378,4
3.861820033357579,0.8117594347600718,3
-1.2087297871080083,2.3391151740925586,4
4.128412801287585,-1.197836388606495,3
3.803595640951565,-0.2808104026437756,3
-1.6117912895921367,0.660401449884716,2
-1.2213616675736818,1.867760896948272,1
-1.1268408595589876,-0.273620957262594,1
-2.4451221451353904,2.213194758699326,1
-0.8330594021084406,0.16989259941112375,4
-0.6048212236844297,0.5353158312504388,1
4.270616410960018,-1.6099765216891564,3
-2.602599003043914,-2.306643959042855,2
-0.8263228932747559,-0.7315563196816172,4
1.576796124076105,-1.4187744895102103,4
0.6507887685889371,0.4485043197204973,4
-0.7577041651873104,-1.5418862833304405,4
4.4158008025536075,-1.7974349067682143,3
-1.0426599627280893,-0.5965190478378489,1
0.007346963886021947,-0.3738157394440603,4
0.31264766137019967,-1.9040398232562203,4
0.33981959636259795,-1.8338763251908927,4
-0.7915803687307357,1.0555073958261088,2
4.556617974241896,0.5704734566359824,3
-0.8815637541409826,0.515498562379092,1
-0.7559251899638482,1.9075396760533647,4
4.131339430944144,-0.5782993682774324,3
-0.39664514561735864,-2.260923964448721,2
1.1021853586661723,0.11417491323211715,4
-0.749379462923058,-1.314095686537737,4
-1.2730537509774458,2.078365405873704,1
-1.6114648329798302,-0.9817902541852387,4
-1.1761773311241197,2.9193592268796045,1
-1.2205924504490884,2.440156118552646,1
4.088038663404432,-0.9258336366054247,3
-0.6809608664589515,-0.13027141717803506,4
4.093537911877379,-1.4925121711253382,3
3.375948784716781,-0.9174498781949793,3
3.001162125449807,-2.041141866526544,2
4.1429378651251705,-1.4724831316802627,3
-2.297087637101669,1.5362279011944089,1
4.021751728339,1.4794363724201869,3
-0.41606898765601685,1.7836644823849364,1
4.068687754227625,0.020197990190407748,3
1.1540101651798533,-0.986601363672288,4
-0.5504021410992564,0.6495476780646563,4
-0.4988481330250105,-0.6217081008722604,4
-1.568360161222115,-0.6695141782446636,1
-1.236000055751175,0.971690115178913,4
-0.24809023035898886,-0.2233733279292385,1
-0.5512639146493982,1.673775337456726,4
0.6094987355947641,-2.002928393201953,2
0.044538383505638615,1.8621717371440987,4
0.05205718921788028,-0.7628310514421212,4
2.754053182761815,5.097608381305295,3
0.06510362978523966,-1.8258673681408506,4
-0.71526075681211,-1.6858726549467633,4
-0.9343599554408919,1.7796823805214865,1
-0.286408091285516,-0.4466405741574089,4
-0.5408181679634577,0.30885781041571975,4
3.3637297526597636,1.40700808463692,3
-0.7104332646229029,2.97194437724091,4
-0.29918883588561834,-1.2167405639961382,2
-1.1377334083913704,-0.06593758487906316,1
4.431599855533115,-0.33970492870205754,3
3.7679378642558032,-1.3135189882858258,3
-1.674978538553234,0.7617775642317121,4
-0.4396749176965747,2.3993686517283837,4
-0.2750326145201814,-1.3481620254187752,4
-0.24797925908303217,-1.4619685605419086,2
4.181370192270002,-0.13505683007112634,3
-1.1868946257842359,-2.229518033558405,2
-1.1300044272711949,0.4364383479257199,4
-1.0979232284184588,-2.682283398416946,4
-2.1049303327478537,-1.2645395263878845,2
-0.7516161999246088,0.28649634930786544,1
-0.7087927679817583,-2.1417568359619663,4
-1.6249788905437064,-0.07536783264776306,4
-1.744983085912685,-1.9084053712556557,1
-1.4885998131963307,1.2666085946135168,4
-2.719293582857033,-3.2661267585977147,2
-1.470788140195632,0.05519190437084799,1
-1.7839542923554417,1.3240476924005868,1
4.17823200559835,-0.6358305581325691,3
-0.29137124414238585,4.467968547385755,4
0.3676555850441218,-0.44490409238721346,4
-0.8065110849067249,-2.1691947112753063,4
-1.0247844800933528,-1.0219831750175528,4
-0.8837540396621199,0.6142879900515944,4
-0.5765361529505305,-1.5740375555210904,4
-2.165604296022935,1.4231519225232705,4
-0.8074582500745656,-0.4118448700061127,4
0.5865873500105838,-0.3715224150496618,4
-1.351934749111793,1.0983298213857298,1
-0.3148904996979745,0.15169022637370772,1
-1.2976364531001572,0.199355057386659,4
-1.078788327515486,2.0212130760906053,1
-2.155987462599826,3.903526770337097,1
4.268252913783356,-1.707454158976665,3
-1.1645817877549407,2.1496796184200493,1
4.218953046053267,-0.7118458163075672,3
4.543273112342467,-1.0771512174525055,3
4.227385296531631,-1.8190893805548345,3
-1.2882298999809303,-0.32335929480484277,1
0.33898558104590637,0.09265202250320023,4
-2.089646423144239,2.4594189330235308,4
-1.1351442056744414,0.5141816858428674,2
-0.28292773106530084,1.4466459602450203,4
0.627321223887824,-2.1822047030233405,2
0.6248926405688232,1.316141778143005,4
-1.0509815623659338,1.244780978552473,1
0.09478945563530296,1.2794797775711506,4
-2.9775734151018254,-0.08203454561716976,2
-2.1349482290948476,-0.37457052986312067,1
-1.1819267836870762,-2.864237474738605,4
-1.0463005080546193,-1.4385570207682437,4
-0.5457723347258959,-0.2546293666182262,4
-1.7851870486845232,-1.6828978799688539,2
-0.6382505858624525,-0.24134251817292432,4
-1.6160723036555065,-1.2224185263193788,4
-1.9587474602446882,-1.1433406280793834,2
-0.03848114109262141,-0.2693267820362421,4
4.056205395427937,1.761530208896686,3
-1.4477831392775324,-1.988232409129122,4
-0.4219393831288777,-0.19726046956347276,4
4.044415944835216,1.8754914873775475,3
-0.15241348894832396,-0.8256336050337553,4
-0.8083296433543966,1.6508364966470088,4
-0.7234370142514346,0.09982784511298293,1
0.4081572877413946,-2.7527730786648936,4
-0.8699278731297002,-1.1561938860620466,4
-0.8043928750531052,-1.844711906719806,1
-1.6380614682150652,2.5790091933679027,4
3.402343345836055,2.0763867604764927,3
-0.7170369002466476,0.7886756892156992,4
4.03994096152425,0.8529866704924205,3
-0.3788778769030508,2.7892618553632755,2
0.5422367979575929,0.21084676100797822,4
-1.9319807259113893,-0.8948719750700582,4
0.5804480905801241,-2.1326483214776646,4
-2.0492224436439215,-0.6496261488972436,4
-0.12233083308377284,-1.3259495699831445,4
-1.6077779536435388,-0.27599803193391426,4
-1.3642368518931345,0.7020971560787701,4
-1.7633998776836588,1.888132930295177,1
-1.7826567004742673,1.2934557481910565,4
-1.2199868189849437,-0.9237376102848515,1
-0.38929139161413856,2.9139455720526084,1
-1.5051544421231922,1.2049817180142777,1
0.22952692659286097,-0.20611595583842127,4
-1.3467848332623082,4.493829142103143,1
-1.4966404979577155,3.267474264696255,1
4.136006855592635,-1.4638823802223866,3
2.9190685081252266,4.946112994529182,3
0.022189206225067527,-2.5791830561033793,4
-1.3189972578785274,0.24667643360693473,1
0.011222201521281753,-1.2281643484418066,4
-0.7808512226537003,0.863278067074236,4
-0.6619913589254983,-1.0701280285284334,2
3.726017980967068,3.48028214207035,3
1.1208441137335223,0.678199179788778,4
-1.090749590462954,-3.388916105025376,2
-0.7404654408290595,-0.8868522430636159,4
-0.42290053071039724,2.682925041622463,4
-1.449029737517843,-0.7746903654419675,1
-0.42546942301274576,-0.11053669643527791,2
4.719255053835955,-1.3388729624200313,3
-2.210198713982227,-0.268088465804264,4
3.1744693954045253,0.7888701274617174,3
-0.7769356327227102,0.6737620999687407,4
3.9391561607456014,-0.6688745850303144,3
-1.0484724980734539,-0.49952734535017673,4
-0.34455426165659675,0.5774918205083969,1
3.093284823909156,0.8563668902590199,3
-0.15419564625120266,1.1580494846247886,4
-1.0564506948878691,-0.2092733713751422,4
-1.1590370175418219,2.0766368639340183,4
3.484355822674878,2.4460434482096582,3
-0.8854089660441843,0.18528982800872576,4
-0.748519504839415,3.8107645967297894,1
-1.9649193773978901,0.05684791232776561,4
-0.24043707157437316,-1.9633898708694641,4
3.7848765049285276,2.102746313801669,3
4.320595211475218,-0.5923418354249249,3
4.109264898468973,-1.4318659239147284,3
-1.6945128219232823,-0.6486805200414142,4
-0.5859788487032721,-0.8584008088002884,4
-0.6789791693579158,-2.0246469468679047,2
-2.231045407822135,1.5444735913841854,1
-2.098625172004271,1.7630398267619967,1
-0.8387232339210766,-0.1411294927431442,4
-0.07240477839705964,2.150264316953362,4
-0.33841167946556744,-0.4038407613893051,4
-0.24693420731923332,0.3657696861841697,4
-2.85342406122669,2.0683498081665506,2
-0.7663817968270689,-0.10580377341126124,4
-1.488771867363555,-2.531000144964963,1
0.2875172722394876,-2.5265310696688412,4
-0.07093937480801316,-1.0335687589603877,4
-0.773102734612713,-0.5879554889431097,1
-0.4349331440616403,-1.315543859049533,4
4.188111606232691,-0.7420953119555143,3
-0.7763688003957975,0.21232613426123703,1
-0.5461645726462625,-0.17416718649329796,4
-0.540819462351346,0.5991932663519234,4
-1.776598722128297,-0.12494343113580629,4
-1.6969923062883014,2.584226210059604,1
-0.6007159858932185,2.0377248367073824,4
4.227417784015751,-0.43734872265293945,3
-0.4071164364114809,-2.0706622407115596,4
-0.38169244389343177,0.8298448807140357,4
-1.8796988745680197,-1.4647562343657843,2
0.024662149612443587,-0.04194456298156325,4
-0.9648838898629073,-2.926905064565374,4
-0.7742447638432873,0.40839658845066895,4
0.8834735566422398,0.25218768986093887,4
-1.0602648543961026,-1.7832691890108179,4
-0.9598859383334093,1.058302159671161,4
-0.9488163844369595,-0.6048091458359391,4
-0.36791081410982374,0.30183619179753224,4
4.0939615027930705,-1.0545233589286465,3
0.6989632432784755,-1.1299649917544852,4
-2.2805457516838032,-3.3062571439819823,1
-0.27938871297078355,2.1073406607979703,4
-0.8456657099171101,-0.5401436858038844,4
-0.09493333112072523,-1.7004891963184319,1
0.32498946983003046,-0.8562039327255807,2
-0.5220039675951955,2.2503804133402827,4
0.13863347318639224,0.6789178758704729,4
-1.3853536500015684,-0.06973994320851287,4
4.216299061851078,-0.28070997208011617,3
-0.9759299430380155,0.9240793557468111,4
-0.03741523692447666,1.2800251931248592,1
-1.2058338159391326,-1.381846204310527,4
-1.8529167730399028,-1.5858042878074503,4
-1.156198761570694,-0.7377788018667076,4
0.5581066177045672,2.815254115016805,1
4.099576058288361,0.6185383427398017,3
3.6544528032914183,1.1279510408544566,3
-0.8197808968870027,1.3887440238621473,1
-0.20261759864313042,-0.8912364181483605,4
-0.9253935582944729,-0.03729395250633806,4
-0.16616920143527228,-2.8699448133107275,4
-1.4820543344232338,2.1610281839115113,4
-0.7045539445803886,-1.5999478550549175,1
-1.919904398547263,1.3278000094214906,1
0.28623097148235394,2.2873250471543507,4
1.1353558537385826,-0.06716611565692611,4
-1.5609409757265997,-0.42879839806913433,4
-1.1932662120413429,0.8127131358346413,4
-0.3422454471481227,-1.3829105584297812,4
4.367744573550942,-2.2096026656260452,3
-1.4719778027699681,2.7252944953414358,1
-0.3363457916739176,-0.29377960379341583,4
-0.4575080940021603,-1.309445166095702,4
4.191170589527042,-0.57274865976588,3
-1.0132675970784326,-0.19062889322243107,4
-1.7127057045988805,0.9413460181174528,1
-1.3054978423888202,-1.6039388030438384,2
-1.3635111895007093,-0.6548198965802546,1
-3.2949620572558755,0.2526487537716479,2
4.161795431088792,0.283668397704284,3
-1.8014773025322646,3.491947336006941,1
0.020377485634354986,1.0577435971168059,4
-1.104536282502468,-0.044629488473486724,1
-1.455237452665044,-1.7039117521324383,4
-0.8860460660595305,-0.11061632724818807,1
-0.1958375125720728,-0.442170898559601,4
-1.409212100492388,1.6780251043025913,4
-0.40757480657614753,-0.750428906671146,4
-0.524721688371657,1.4455711336444856,4
-1.1385735957422216,-1.7546297091291574,4
-1.150043420771502,2.521272530334241,4
-1.2833101761608,2.8503085425045924,4
-1.3700775739217004,-1.177298128372063,4
-1.3237041637987554,1.0394143465025878,1
4.256193606468339,-1.8872865337277376,3
-1.4114645698496022,0.6198551899868987,1
-0.8892757436023809,-0.8832817882167568,4
-0.6583874510797937,-0.8141949373101011,4
-1.258727425869091,-1.5977527731639432,4
-0.9226143623107769,0.5238534311059699,4
-0.382958408803379,-2.2128455609476423,4
-0.24746210400103302,-2.3610960056021133,4
-0.7546827724408989,-1.6980103567371623,4
-1.603862067528864,-3.4512272559140618,2
-1.2694885070366606,-2.181889384008607,4
-1.2587248914746894,3.198249372529245,1
-0.3049533680722744,-0.7765244782659644,4
-1.2670108819664458,3.4746878385146793,4
-0.7595313055678587,-2.509516929149874,4
-1.4585555096246305,-1.764424673587293,1
-0.38920174143378905,-2.0057307549929675,4
-2.448982133523301,1.3404583654710454,1
-0.6773023998751754,-0.4275263683268092,4
-0.7859703058207359,-1.16727963590557,1
-2.0118207271947526,-1.1526371051654491,1
4.581733386150417,-1.164340265291693,3
-0.9358895717701933,2.975132595323663,4
-0.08120354716067062,-0.8355054382781404,4
-0.3629974295160744,-1.3405624068561048,4
-0.49459317434658834,-2.441966100807281,4
-0.489379003994303,-1.022359844162702,4
3.6564480114934037,2.0997545213487103,3
3.840085725693963,0.3031509728373303,3
-1.906866058378502,-1.3801811856211836,1
-2.1080280515591783,3.828729120018823,1
-0.42410026874577095,-0.8833872641170206,1
-1.3998143121745728,0.49738023473187015,1
-0.5532368022977564,-1.0371613181521462,4
-1.2046196207689241,-1.7496795509036729,4
-0.9928201378885846,6.5950695820056255,4
-0.8836367334350681,1.266743312774429,4
-1.1380055250332046,-0.4495303285209468,4
0.32824094846356683,-1.9854217385561632,4
-0.5169488403300202,0.6547751429486479,2
-0.7091802495902393,0.2624339884142112,4
3.3575558575443845,4.258533114031427,3
-1.2097395479514934,-1.079830715261864,2
-2.0807964968290844,-2.4259969723324897,4
-1.9360795931401333,-1.5340531836259734,4
-3.2148745757013093,0.9921682705178145,1
-1.1688794115785717,-0.7756163417758157,2
-0.6834128854102428,-0.8299453784716821,4
4.190673850633017,-0.7866272633856422,3
-1.1655601692767332,-0.061717061682765306,4
-1.8848612051497649,0.6235655650600708,4
-1.4701338404308462,-0.522377357632125,1
-0.36283045859204505,1.0919806603847755,4
-0.1452205132610664,-1.3128628427380296,4
3.880748097397031,-0.1494183146678214,3
-1.232925486966407,0.3728905559120168,4
-0.979213706959544,-1.344194945432571,4
-0.5394449894812234,-2.446787129453645,4
0.2974990026715304,2.2318222305846436,4
-1.3503084927844182,-0.09862820170044122,4
4.461542073808179,-1.3660506082316286,3
-0.34410408482559146,0.6036800148324774,1
-0.25021732633747135,0.5168238884436107,4
-1.1640879739060541,-2.3027657198585465,4
0.3964080440191831,-0.27084363550013335,4
-1.204995224565175,-3.155755550053196,2
-1.6931402837290492,-1.136423382537947,4
-0.36768886758197933,1.180633090372318,4
-0.661237363548118,-0.28307519765503153,4
-1.0281987948065854,-2.159429979843984,4
-1.4970343165024913,-0.7308960382175997,4
0.10147243574045539,-1.1509360559213266,4
4.482053220800186,-1.909933560221851,3
-1.5650121517151623,3.0821524017137234,4
3.791231008432686,2.197842037757438,3
-2.8673632751074853,-1.4008102939596527,2
3.9055316743014385,-1.345371034406707,3
-1.1262671861830271,-1.0159992789835266,4
-1.3852516215153496,-0.3059682635316126,1
-1.5416660672731983,-0.8983671371153821,1
-0.6204948788458592,-0.14693711000237525,1
1.1119958051577308,-2.383242453919814,4
-0.19070974775752336,-0.7309690347249433,4
-0.5385811450164462,-3.000574921489088,4
-0.4789295518510384,2.2407570125808642,4
-0.584340299604358,-0.6017933373296599,4
-2.21811115115927,4.419426060077997,1
3.902287188235551,0.23828045170302525,3
-1.2931040909620317,-1.180524766326918,4
3.675832345788722,-0.640686587852473,3
0.37559973597339447,3.5640274448374645,1
0.2151426286515077,0.03748799101190464,4
-1.7540806036488172,1.0622246969500035,4
-1.2058798853506372,4.3016775672687695,1
-1.1094264373364722,1.0223645829897008,4
3.776625379089444,-0.1360416331293023,3
-1.0479307895760115,-0.7483759476861026,4
0.1446213273478962,-3.042406907941753,4
-0.44458591479680376,0.9797677248253782,4
-2.771327011821555,1.7701045172746381,2
0.2892911116417306,-0.376631634507045,4
3.5564562876231647,0.374005521368662,3
-0.8866355692859581,-0.19308492690667647,4
-1.709613304215636,3.236896558157957,1
-1.5764562660615131,-2.3049891873598924,2
-2.325313694699327,-0.9844822056228402,1
0.06699352332664534,0.6500566879497515,4
-1.8655719826972996,1.958650174341037,1
4.185620017198348,-0.7822489268578973,3
3.4944133700987323,-0.6053748037051809,3
-1.989821402319008,2.2459481127266616,4
-1.0398600542890355,-1.2366110031751927,4
-1.7270034910614307,1.526231803287633,2
-1.065159578378507,1.423749119962774,4
-0.341553832668453,0.5013704689940267,4
-1.831992843603845,-0.6233130121717658,2
-2.0725005534614755,0.2937181437373307,4
-0.9015094052711139,1.5167455002544867,4
-1.2644005091990922,0.030178183736029422,4
3.892409837494596,2.194345158902982,3
-2.2859076659426343,1.6599657766857976,1
3.9023993074441528,-1.167197838895472,3
-0.9358988021780665,2.1229925106826264,1
4.087682924272794,1.9055303605747962,3
-1.0311071547521373,1.281036400274232,1
-1.1375279964905003,-0.5660088304443921,1
-1.7372170166765337,0.7562581333187783,1
-3.084397383109703,3.877048614423804,1
-1.3366017318528058,-2.511225717397384,1
-2.1617698937984016,0.4060653244823293,4
-1.4155707912195699,-1.864776281260403,4
-0.8704412661849817,-2.744606609804474,2
0.34208665061218047,0.47707164109331723,4
-2.070753771066992,0.09507176899411762,1
-1.131109675785326,0.23875357349919035,1
0.07206593262543733,0.4390118612024026,1
-0.5676416437409149,1.9094174554351928,4
-1.3363594156336183,-1.0083055867898876,1
-1.3761471985344234,3.3476910425663675,4
-1.5990825689158683,1.010058504556342,4
-0.33219077379200174,0.851165571783971,4
-1.5754405109079643,2.522397962514782,4
-2.382146067605204,2.737505240768126,1
-0.7021597886988024,-2.0275272687564865,4
3.1978802923733713,0.9549612895459648,3
0.49166271927929445,2.5001347875306865,4
0.11763393134181842,-1.5068758171223284,4
4.020976191066005,-0.7279405121012461,3
-0.6258812000843035,-0.32502723343060613,4
-1.2527430150074839,-0.2770443455001086,4
-1.44532052768969,-0.441533975948093,1
3.854261119653035,-0.17796462828053167,3
-2.473909152305037,-1.2200188330876847,4
-1.7659449716138902,2.3170864358810443,4
-0.3705571522041507,-1.8878108044683286,1
0.32120422052248465,-1.832318010817453,4
3.6633552781533862,-0.9022652210613992,3
1.0446660175537579,-1.5561896390790122,4
-0.6039691550265449,1.1115209174934968,4
-2.129175023541243,-3.0534980016395523,2
3.6017409994139773,1.652430256843255,3
-0.9485460657060542,3.9376113356637115,1
4.151806540257087,-1.1448971776215646,3
-0.6615048062314324,-0.6228364718301741,1
3.933955072908149,-1.2805921506327984,3
-0.14410825228454693,-1.4074930466202122,4
0.08225610480691554,0.9450796637662512,4
-2.137183000117235,-1.8448261895618145,2
-1.3067359868393196,-2.703564893976164,4
-1.469493915496295,-1.1540339428238944,1
-1.4903547392365537,-1.3035120086947014,4
-0.32089082811996594,-0.17581181108811203,4
-0.6561555813706134,0.8722692020123606,4
-1.1495015699598574,0.6824301427891919,4
-1.2607705307907076,-3.4505404512312308,4
4.149618932178669,-1.5214478753266594,3
-0.027084930925231596,-1.9419891079796603,4
0.7276108195175595,-0.8347632668253493,4
0.2380731413379418,-1.7393630912916875,4
-1.9192197781393687,0.9049822494581037,4
-1.3245731437851969,1.4619136221692481,1
4.090631675150245,1.5939067684670711,3
0.18197284441936173,-0.20120792347905903,4
4.342932153647081,-1.3116358347143502,3
-1.256306611401377,1.4673130372592822,4
-1.3674825827664405,2.922951362954025,1
-2.3360966031353194,-2.098096663070455,4
-0.7675920593482498,1.2977849742176775,4
-1.6756796077904788,1.8200715292194503,1
-1.1380713377041156,0.9358745919713993,1
-0.36347814370384285,-2.2891173480818217,4
0.6791825058854343,-2.648294842264561,2
-0.5452701282009637,-0.4508990200930461,4
-0.29719269610619786,-1.1208124015401428,2
3.66899644511469,-1.025540330577425,3
-1.752833807051232,-2.4471938124592647,2
-1.6130836793068102,-2.343242263351369,2
-0.6949096320017218,0.9063679979690153,4
3.8297742189179265,-0.6240274495238892,3
3.9817530961528598,-0.7180204808560794,3
-1.0187775961285956,-1.8210404016426263,4
0.9710742686549108,-2.8666646948644026,4
-1.054473200065072,-1.5354145554729708,4
-0.49120020502093664,-1.2048665015905573,4
4.119419318897782,0.6182446848035914,3
-0.6641461992275869,-2.8507719131106453,4
3.110965728489587,-0.2547327186969063,3
-1.146850394689924,1.348845824832512,4
-1.4282133324092712,0.33079163004147466,2
-1.7178665975471856,-1.497989024126413,2
3.7820629001136052,-0.1538980040311065,3
4.2708629775746285,-0.8518118961879454,3
-1.1955022801668458,2.261076512441624,1
4.575805972975264,-1.6434840660827335,3
-0.039674394645832944,3.055843814443034,1
-0.6100175116249849,-0.4316984737692012,4
4.138262585637118,-0.33793793876853867,3
0.3940563300731786,1.6626072152646754,4
-0.6114701220203915,0.40602289726019497,1
-0.7842032053466401,-1.2801173482011818,4
-0.7342124435085567,-3.1884754862372424,4
-0.5939434133252975,-0.7489178188375686,4
-0.2757565222381052,1.3110775829082535,4
-0.8129643676150895,1.6189849622133818,1
-1.6409561272902866,1.975566912161198,1
-1.2586219219528165,-0.42708429925841157,1
3.8252962078005996,0.5624990257908775,3
3.0447073682566463,1.0805219753772737,3
-1.4694744020076376,1.6824937155143898,4
3.919829236171772,-1.7542241843728363,3
-2.2580714095546113,-2.538446371805001,2
-2.2873402053065144,3.618470315821512,1
-0.6590074507069624,1.870586719426908,4
-2.378663395667485,-0.12448686744815762,2
-1.3613083109426263,-3.869097016733742,2
-1.3548683259308438,3.5586846854269982,4
-1.6789722204330182,-0.5577592686823738,4
-2.3225367224208027,0.016658205008161165,4
-1.8419182326762509,-2.4622152996046114,2
0.3767696514997013,3.057284358162957,4
-0.7381996977700483,0.2063560634209602,4
-1.500007328969603,2.3372482734639175,1
-2.0194264293023596,0.8452375886354366,1
0.1881428834260297,-0.8128484056506773,4
-1.7342210868127486,4.270005319970326,1
-0.918425401696431,-1.1716054662024789,4
-1.028544571113601,-1.6437442093548684,4
-1.4155079175518301,-0.918173941892367,4
3.8143360999054896,0.5025791836141438,3
1.312506740015972,-2.3965639848757894,4
-0.08374548429855332,0.9266177577770002,4
0.28845827333761287,-0.9510568284903281,4
-0.3285837918153096,0.6136021869825253,4
-0.3009873791854962,-3.0367073758283363,4
-1.0434123050205528,2.0682252967535644,1
-0.8702042419567737,-0.7219101879722768,4
3.5584990860708268,2.3054701304359684,3
-0.4864948729484955,-0.8015745312917005,1
-0.8707151814889668,1.6821707175464213,4
0.030505011766995684,-0.2012482713232126,4
-0.42383893952169455,-0.9599056193206167,4
-0.5283838712072735,-0.30953213637474897,4
3.171913085822668,2.8184316730880363,3
-1.2834312570230428,2.2565265379171593,1
1.9498810469141186,2.0269979844140744,3
-1.1714024436455515,-1.152205974336852,4
0.20268581130324576,0.013114056656766312,4
-1.9493862938112245,-1.0994063965250644,1
-2.3872849857857923,-2.820935051729572,2
4.006265065728701,-0.6116114234002706,3
-1.2136654623567968,4.876974204527405,4
-1.3927183998068489,-0.3384235389771385,4
3.713470016307948,-0.6316843413008718,3
-0.5520266597021839,1.9046264559575945,4
-0.2758860180634764,-1.4479603592870152,4
3.783360501316906,7.190560815894935,3
-1.2688003928561715,-1.4044199316251347,2
-1.8289256501481546,-1.2975740970494638,4
-1.0568485151238696,-0.9925311276491237,4
-0.6930091236336859,2.151408828976917,1
-1.6940722060233318,-2.011922582015838,1
-1.8995202570071035,3.4684440604252558,1
-1.2352184317974444,-0.886332623714304,4
-1.3268012498926574,-0.14168224068195467,1
0.06343034486746289,-1.8669137073950821,1
0.5218071286438482,-2.316410663472498,4
-1.219254348012771,-0.6067032018716637,4
-1.5603870180171153,-1.5782592309300603,2
4.512351300630262,-2.0060849722936753,3
-2.5005075118766316,3.7181308746012594,4
3.540992944176767,1.1471814796437216,3
-0.7959847686531264,0.8928773117038225,1
3.3695396984967223,2.5700926762376475,3
-1.3827238322533326,-0.4681383076900921,4
0.11785802590542319,0.8408637143454095,4
-0.6588512654094261,-1.6834950744411892,4
-1.0839960953194505,1.4366336325002536,4
-0.35899107262514696,-1.6207508297500086,4
-0.9346735376686228,-1.463726500466401,1
0.6579653872578064,-1.4524603469766,4
-1.2817285650840542,-1.8811048069703127,4
-1.3526665470771677,-0.6792637740028191,1
-1.8255203512657052,-2.1858597735397627,2
-1.3105136483540176,-0.5760158636162103,4
1.3147500524297742,-1.787549464714535,4
-2.9949319095550178,0.3612206231187864,4
-0.19401109508324535,0.5316726946997898,4
-1.9133947059325171,1.7556654921168742,4
-2.2952621638183497,4.169433181987795,2
-1.4053873125673075,-2.4720920339171286,4
-0.5832029592092104,0.3462796080903288,4
-1.604332349902555,4.2797689103370224,1
-0.9689023602420263,-0.1761216979253337,1
-0.719480020098973,-1.6656980989020258,4
-1.5009328847999794,1.0009803010263463,1
-0.9664597480459186,-0.5141379911026244,1
-2.332372296242035,0.2929657004639286,1
0.16300677671310992,-0.5625168040491129,4
-3.335121673533097,0.6361880001645142,2
-1.0696136582039346,-0.6453889645862149,4
3.245112891088757,0.6221560901786335,3
-1.9668206324223914,4.205931242099149,1
0.8034114203798992,0.8468759644359183,1
-1.3400225998719304,0.051536798930955204,2
-1.6824852765750686,-0.5508936868978661,4
-1.4916653096730192,-0.079315994354097,1
4.586301726896712,-1.5255128599593348,3
-1.8957526335254993,2.0351377201053817,2
-2.0498276776811544,0.33602459946991503,1
-2.3074654693626253,-0.5838115298085067,1
-2.2775470447287796,2.87290352006269,1
1.1136491109260371,1.4887118582531336,4
-1.1580766372929958,-0.7465379786910423,4
4.2229543476686695,-0.6226566512313376,3
-1.4494187312173201,-2.945863764486719,2
-1.2922261643147654,-2.172627578756768,2
-1.2312529015934472,1.0819170408327912,4
-0.2959840684021843,-1.5527584528794296,1
-2.763473667326793,2.249895516894922,2
-2.617074045672234,-0.9156590692696633,4
3.6690943086378627,-2.4398025806164907,3
0.29013171230941964,0.7528360202940384,4
-1.32938450562244,1.7812743759980623,1
0.20425647671687538,-2.1423330127437827,4
-0.19114618292257765,-2.345320233095352,4
-0.21360162542888664,1.9363128778478955,1
4.579582791835709,-1.5192103327168816,3
-1.2570252372546362,-1.8917545398398945,1
-1.9350086041920305,-0.42619360227843855,1
0.08450478074781535,0.5107930496883567,4
4.03017531084464,-0.8205247704943981,3
-1.9355827124865292,0.18854911582608996,4
4.372692402546628,-2.3014691597209853,3
0.2084492457260939,-0.022356229014816167,1
-1.5198955238511194,-1.3575757096847971,4
-2.1046194613496683,0.2301479645325545,4
-2.0952938056178345,-1.2823592123189902,2
0.6037098895751922,-1.7607550318447982,4
-1.1321742893537123,-1.63652802807258,2
4.240469120765001,0.3524792477458305,3
3.1211847505449213,0.4367296290560345,3
-1.026845743613984,0.019234084307474402,4
-1.5191831441578183,-1.1779520510342454,4
-0.8498707883185711,2.2698061457202905,4
-1.1834794193674123,2.071057608182173,4
-1.1335892311579439,2.6555093636025116,1
-0.26650744424782136,-1.3095621744250328,4
0.1797638254272331,2.1989149344907677,4
-0.2455174905308785,-0.13867628359917847,4
-0.6062783674405363,1.213216989671705,4
-0.6166984850867575,0.00016648825171186257,4
-0.7958202199334783,1.7033184179554741,2
4.317951849065442,1.1682828943164396,3
4.056829457302483,-1.346194655686785,3
-0.2842613418117463,-0.9319967058958569,4
4.304259221536407,3.4741283155807903,3
-2.8393430277518688,-1.4123481743151738,2
-1.2120015321906765,0.523794961659603,4
-2.0504443662344736,0.4338138000051623,4
-2.067342347375569,-1.6516256475743134,4
1.242607865791403,-0.05291658772344209,4
4.039601313767141,-1.9551446226765876,3
-0.09011280913077137,-0.9500872883054211,4
-2.1966099901994314,0.2938461363390716,4
0.8032178650856907,-0.3065338000621019,4
-1.1570160361332658,-0.1675890689123511,4
3.77652448099085,-0.5953429186862462,3
-1.7520199736204038,1.7991210748623168,1
-1.2394423053388166,-1.6485724382902354,1
-0.9515219851799459,-2.3535805515381023,4
-1.0235427517910622,3.08646887930092,4
-0.7973739181284804,2.174656160264654,4
-0.885930290183028,0.404611942102995,4
0.7457707448765261,-1.1441995892943215,4
-1.299528803470493,-1.1044436698945077,4
4.158052139900964,-1.3481560265604042,3
3.5107855914683723,2.7093576299065756,3
-1.1647108189434119,0.4453063670556906,4
0.028441456086184813,-1.5894300490364461,4
-0.008010884056459973,-0.15763114406784276,4
3.9617872740798417,-1.601949307528049,3
-0.5333340000353969,-0.5135143526400001,4
-2.1706145656636844,1.4936925227900224,1
-1.59120933672773,1.8790477228882347,1
3.804291666847494,0.8266080702421577,3
-0.45561513355021777,2.992013919150981,4
3.580230097340308,1.7037504431178834,3
-0.9244417625469094,2.2612875452527907,1
-0.8859149583781584,2.6135307441225835,4
-0.30923255482540746,1.6196187042208292,4
-0.6988370832531522,-0.7539674308956417,4
0.8032719720663829,-1.337488973372044,4
-2.0602324059302237,-1.8330399894005818,2
-0.7550513630055272,0.7197704610134045,1
-0.5911708810001358,-1.4903587348949316,1
3.85153838817989,1.5579846318456692,3
-2.697892027568607,4.332789834887776,1
-1.0533547491859603,-3.231193278996041,4
-0.12156589872909403,0.1931394015429084,4
-1.0485636787420476,-1.9143119764037162,4
-0.8199863659138772,1.3581339936727514,4
-1.0095272776444653,1.6642607491291515,4
3.751540728320564,-0.02499397870710018,3
2.949741759012406,1.2599223410917662,3
-0.9623189536849419,-0.05205988198416961,4
-0.10136533011532053,-2.4297537413448302,4
3.896040255006731,1.53030312711826,3
4.578066717044031,-1.462058138866462,3
4.241125143378424,1.015252264235217,3
-2.2079559870697514,1.39406189180033,1
-0.2525565548626717,-1.9046557744107475,2
3.0158151865668366,0.049436665758879665,3
-1.8242030525940907,2.00880776330524,1
-0.8679029030514368,-2.3364456697998657,4
-1.0663543254122525,3.3335132303719925,4
0.946131225145928,3.1431612316060087,4
-1.9995819610601677,0.4222311353575588,1
1.074533614322172,-0.7211459393646874,4
-2.8281426439118347,-0.6101379340730623,4
-0.6327813354245446,-1.8778090983137254,4
3.856397343754594,-1.050013711053395,3
0.8102251046059086,-0.728766293965635,4
-1.8369157960809857,1.3701860809902677,1
-1.2191673387157989,3.6469335284767923,1
-1.4086084102608643,1.1610924294710916,4
-0.3662651241403069,-0.33000521007260747,4
-1.408579266995749,0.7237099205279918,4
-1.6185147921335112,-1.4656222909194578,4
-1.8518255990569914,-1.4090185400041144,4
-1.0048372908056094,3.2122245316837454,1
-1.5179504111467583,0.7206081560522385,1
-0.6257367486815749,-0.797685608064203,4
-1.2986681849160466,0.8577144180582332,1
-0.40693524415200955,1.159154264073484,2
-1.1625426977276676,0.6704343684654607,4
-0.2663283062732841,-2.3776766133325498,4
-0.785156262382394,-2.5470380268420256,4
0.996906954074935,-1.482160565854041,1
0.27116558559491044,0.5728670696771462,1
4.388149248392257,-0.3937836012162917,3
0.18276391747470638,-1.8736413246114334,4
-1.3452636456265248,0.2065377707001601,1
-2.2099421811879423,4.272154587848253,4
-2.6553079649162576,0.7643002598656898,1
-1.6142611468139874,-1.001004337917828,4
-0.43770502024859653,1.160624976434643,4
3.8530746337534914,-0.5786737449534786,3
-0.4820017353955481,0.9987406691728454,4
4.207658188361747,-1.8237372319075076,3
-0.14571015571314141,-0.9892999464930443,4
-0.17021141444334073,-3.071491278350828,4
-1.3081794030274416,-0.9375670026120348,1
-0.3340374530033335,1.6020604637597238,4
0.26001902631207346,2.261780126996065,4
-1.519865656067385,-3.036441502891231,2
-0.9125072312699953,0.248327352894866,1
-1.660329410198069,-1.8612751705524548,2
3.757952009220347,-0.4149693511441017,3
3.4481876060725543,5.534567601757978,3
-1.6771934771604284,2.0705095854977627,4
3.7258055937228334,1.4873496955772507,3
-1.215272786996635,1.314945063349626,2
-0.5479662076002594,2.0748940543352927,4
-1.3838194201121443,-0.9422770272229801,4
-1.1842504686969546,-1.7562438541362926,4
-2.2295881546464247,1.1760557855158442,4
-0.5417341331300574,-3.4351196714464916,4
-1.0861372306000485,-0.06889881519027531,1
4.048293061537954,-2.275479534329706,3
-1.1603260436891476,-0.28268790634714025,4
-1.6654868194812642,1.8150069409833474,2
-2.3699501006624333,0.11881300792138647,4
-0.6469146626665335,-1.1175861670685885,2
-0.5645010729394689,-1.7019637913703336,4
0.4757349851858992,2.0848384779921805,4
-1.3548167900962456,-0.027094461676109273,4
-0.9002804676359398,1.0541666859828602,1
-2.25585091026158,4.736544715281618,1
0.8848196362015431,-1.2522906260168034,4
-0.3750672476346539,-0.005476659618938581,2
-1.2577408126125709,-0.40807923781234695,4
-1.5536726328770365,1.6764507791128214,1
4.232550145212372,-1.2241978270706937,3
-0.8538760687634199,-1.7907867400334694,4
-0.6323257164077898,-0.9683171431587988,4
-1.796802698104935,-2.430084751510655,1
-0.7371342300978981,-2.9403958596225643,2
0.14321377546076214,0.5595990698577502,4
-0.5277778333022427,-0.09493684233571321,1
-0.9275328813994049,-0.835013032653991,4
-1.9031439225977136,0.6056612666955069,1
3.2543231901998286,-1.7090573592003888,3
3.501849557585727,-1.3396052488629453,3
-1.6006177558943275,0.025615200158002796,2
-1.0548512399031376,-0.47673366906915354,4
-1.0491005593545528,1.3183458870933036,4
-1.8251900364656248,-0.4358440175503244,4
-1.2310428592149445,-2.3046934433752564,2
-0.030167649123515775,-0.08618503487876421,4
-0.1846196370005876,-1.3978396943026545,4
3.612957183902684,-0.5574213903052478,3
-0.1269428796109388,-0.9039295791998838,4
-2.256245047684373,1.3836167134993826,1
-0.7139572590687231,1.3162153965667756,4
-1.1703797215400888,-0.2766676724851167,4
-0.588963095834518,-0.5512257191695468,4
4.058978199262524,0.29206131250114126,3
-2.1042428906991693,0.5155522586238303,1
-1.4878489414060954,-3.4374252067555706,4
3.8036033454004445,0.8199841390491149,3
3.9430948957280876,1.1771803271742158,3
-1.4514219632111975,-0.8836381310120084,1
-1.6364021637461925,3.0372696341481773,1
-0.7431275172261382,-0.8813423025053331,4
-0.15599987330331205,-1.6214581250500317,4
-0.7706774768400512,0.4175718586219598,4
-2.5363320137563297,-0.24236156858471627,1
-2.0198198439290804,-1.9673105971110452,2
-0.34227739677778674,2.489070529681404,1
1.9315728668759862,1.5913587040477004,3
-1.0438225718614835,-1.6719723122865118,1
0.40592309555462835,-0.34784121034774246,4
-1.4869196886228928,-0.7954919737020103,4
-1.413708097274891,1.7489135052869529,1
4.315386935580542,-0.17269752252263773,3
-1.2451091614323784,2.9371356296063325,1
-0.7704114275620959,2.5669027288691955,4
-1.4312162200397256,-0.4172988991687007,1
-1.980410956976015,-1.165489030670982,1
-2.4635476585291762,-0.04625850832537782,4
0.23245970222122458,-1.9159176507140685,4
-0.2813571618936134,-1.8157197230882383,4
-1.221141765243543,-1.7844780938417009,1
-0.9142885023534663,0.4071650876971566,4
-1.992399833533205,1.5556642585600702,1
-2.7893973467252726,-1.5695586784863003,4
-0.9434846480714955,0.2396412493355987,1
-0.8998446117487614,1.5508528845739677,4
4.329225430540458,0.20322913507061807,3
-2.660432064244818,-0.381609267548811,1
-0.7656279586649488,2.783364259056503,1
-0.49597884426217126,0.1304100226691259,4
-0.38038356508751314,0.29307914476237973,4
-1.5973821756856872,-0.20442109701723257,4
3.978152168324381,-0.3302792159617791,3
-1.392185768004277,0.9408336638166032,1
2.9704021550570907,3.321942905415938,3
-0.7822547433648235,-0.6758933958270579,1
-0.4021255529768015,-2.579707699797314,4
-1.1308136253967824,1.2585735544013092,4
-0.7168506340821902,-0.8662736185702669,1
4.065538888945264,-0.7457825588889037,3
-0.5112618497558227,-1.505985945965654,4
-1.340463189958632,0.17999464525314782,1
3.123302853581304,-2.3801381582833074,3
-1.3538738592555186,-0.9938162589047154,4
-0.3339432235296183,-1.0377157878456045,4
-1.476536118877885,-2.668450155302003,2
-1.2741283586436618,0.47368861299892484,2
4.129198216103184,-1.8642308791360473,3
-0.46541115144563705,-1.5969593032596885,4
4.347463826756136,0.015012758845203675,3
3.819838278853952,0.567528453516066,3
-0.6332925118018377,-0.9278148653710158,4
-1.5023303832847823,-1.7047313345650938,4
-1.3532414241686666,-1.0558652273984779,4
-0.7948985786527024,2.5555946301304355,4
-0.20939298997381647,-1.7281512963002936,4
-0.6513469969389114,-1.321295623652884,1
4.255260357840709,-0.06392339415062476,3
-0.41193602724397055,0.644659627805459,4
-1.516321220590889,3.079954251036907,1
-1.449562066228698,2.372895861308735,4
-0.3915415698240573,1.7204944316434796,4
-1.3587587852163365,2.4173352688120864,4
-0.5558913305887582,-1.910746366007432,4
3.3892414568585183,-1.349103351573812,3
-0.8463612880763108,1.470871230666754,1
-0.24069156799975044,0.5324107105428667,4
0.5857090095951548,-0.7199890471825232,4
-0.5306105687976177,0.9589795946568932,4
4.337488510091638,-0.8975352894269927,3
-0.5836984958759497,-1.4147155672179932,4
-0.3803677613240356,1.589046799561667,4
-0.5127889054789554,0.6165252032546644,4
-0.8540831853142018,-1.089983545523805,4
3.821912656448939,0.7379461623896615,3
-0.6850246529965257,-1.580903768298324,1
-0.2649004919045189,-1.953854199495293,4
0.646181405073111,-1.3606583408854283,4
-0.7150754958255512,1.8983523107504123,4
-0.2702810586781835,-0.38738424900701657,4
-1.5435884506266382,0.9805854617287006,1
-0.5380222868742346,0.10677110390447768,4
-0.5458431545235235,-2.9580422399727513,4
-1.7071607463513516,0.6445719101015864,1
-1.72469104523836,3.0783203824684526,1
-0.15172636914310694,-3.3570166909279293,4
-1.051892348504926,-1.1350093522803855,1
-0.20049559887273063,-0.506381172910469,4
-0.08065801015115572,-1.8159768163931884,4
4.344657630903847,1.1836422905254989,3
-0.8908218459845505,0.9855070993761585,4
-1.2708549373863722,-1.892685636289873,4
3.104344276467468,1.5165296218913613,3
4.033808468920514,0.42735662154686954,3
-3.697286783907235,3.201786929844722,2
-1.888995174382406,-1.0224918927681148,4
-1.7995274962732162,-1.8452549231894377,4
-2.642231247931552,0.3851023062694581,2
-0.545248578489679,-1.0673720008758913,4
3.934612365647744,-0.6391827177652357,3
-2.360957979337268,-1.2489689919373759,2
-0.752179415638924,3.1138914615085875,4
-1.490151344926922,4.179435333599072,1
-1.0597960550464334,2.250790390431843,1
-1.2398595935899923,0.15025894317968988,1
0.30924541979107895,2.6658156817277336,4
3.2805388848269965,3.8889149857827734,3
3.6690481137960957,0.10419215863515764,3
-1.0633054029179745,-1.945228047376572,1
4.3983350122218985,-0.8753815545760344,3
-1.217163990955921,1.9245466166479173,4
-0.298225058953982,-0.32950794336184497,4
-1.009533965784253,-1.8621550401233053,4
0.3894923824591003,-1.5130952803536355,4
0.00286492087260865,0.4812954655437509,4
0.5666226734918738,-0.6140095955572024,4
4.211638503578681,0.5746513063450301,3
-2.715775292743291,0.15082889695504323,2
-1.27930421852147,5.229660742622428,1
-1.6904558656697548,-3.125847989785966,2
-1.369398931139897,1.2487513776500645,1
-0.4325792758978726,1.1922270075335706,4
-1.2582502201059058,2.6131410037507496,4
-1.684224053690475,-1.8593126138123444,2
-1.4974910082155026,4.055060798533846,4
3.6131633284330755,3.6494083448596064,3
-2.033410619533447,-0.6607560974286114,4
0.3897670552279806,0.3968237590032711,1
-1.186008332554197,-1.5940096913155233,4
4.2090408051655315,-0.4561150202761177,3
-1.6136234588423195,1.1729433882348443,1
-0.8931904804205919,0.3323665455984427,1
3.4181103822854553,3.3368058359916604,3
-0.5800049040792198,2.1190661600324434,4
-1.2069742381911908,0.3800652485139109,4
4.178229075039214,-0.2551170977689976,3
-0.5594809560280373,0.3743586570321586,4
-1.3709459524797405,0.572322374395355,4
-1.4044761188151016,0.6275938810567682,4
-1.892651495929792,1.998842900881599,1
-0.11696354459731727,0.6877458223654902,4
-2.412028295239423,-0.036152886260674595,1
-0.11662380566571562,1.682561485838043,1
-1.1881244613419888,1.8882765099443124,1
-0.8617432853184659,-1.0216215059049654,4
-1.3955686131371863,-1.407357728515968,2
-1.3623222765670704,2.17515262559744,1
-1.0462023969326273,-1.027550509175948,4
-0.7204654932396583,1.1337732749768539,4
-1.0640900380979381,0.39782297942599243,4
-0.2996785501188976,-1.9041766536649103,4
-0.3213261155974156,-1.734563547185419,4
4.057068822169337,-1.3464213686427804,3
4.174712983264755,-0.8803575974501419,3
-0.24089652186486216,0.9495981594877345,4
0.08843468605757812,-0.5259517623615755,1
-1.0030349257919293,0.604856122145324,4
-0.3132708417213166,2.2955551705402466,4
-1.5331427773977329,-1.190539622604229,4
-0.7443744629637377,-0.5465836586817278,4
4.559201617608896,-2.441971318655365,3
-1.0438832077770726,-1.373550895629964,1
4.165910586856149,-2.356764364776514,3
-0.7941712087821267,0.8413399401702157,1
-0.936834873225374,1.5245825233526262,4
3.7483050031123213,-1.0911381027331641,3
0.11966613079615189,0.3007244587991028,4
-1.4902822039824792,-0.061362870893512104,4
0.02214829441254585,0.9211659759859947,4
-1.1563074884839029,0.4631048694167195,4
-1.4889565307626291,-2.353019178043001,2
-1.34966600366929,1.0484770441683593,1
-0.19854051176577203,0.03657351357602399,4
-1.1613826631198823,-3.2708428917463555,4
-0.13678639133792897,-1.085356667004829,4
-0.7575063786912121,1.764024251808271,4
-0.5581257916055912,-0.9021691380908738,4
-0.7859867874705658,0.032562030302614973,1
-1.8160031904170015,1.4941297296819123,1
4.089204588530586,-1.6313250159076838,3
-1.4381016186635218,-1.761861093636548,4
2.857441553835606,0.6166827644767123,3
4.362404666878967,-0.3873780623760773,3
-1.0918344063278362,3.1645774417001764,4
-1.6399213307786475,0.11147702743710347,4
-0.8547186290981359,-2.6291806779794005,4
0.09928761859004968,0.28423283949495703,4
-1.161099784051955,-0.29295795098445915,2
4.077600076747499,2.653568900728304,3
-1.01177850933369,-0.25517350180374676,1
-1.138455339304646,-1.8367030496326076,2
-0.9898111455107312,1.8618546100332984,4
-1.2240373638253386,-2.8373641182724034,4
-0.5531542008396173,0.21295219646305458,4
0.2229721083546536,0.6011215865631677,1
4.195915430327261,-0.8892549630582142,3
-0.7725006378497489,-2.2086360564652785,4
4.438072077119355,-1.234961321328984,3
-0.5408384146397954,1.235480127445719,1
-0.15734005285670527,0.02898294171907869,4
-0.215685732450966,-1.2283702316118887,4
0.5589225587161211,-1.837862141605663,4
-0.5005407004803735,-1.2700860696057437,4
4.2217827183196555,-1.074785731866481,3
3.6967236526464657,2.723853441841494,3
-1.0402957305150873,-1.5502398856200834,4
-0.6490740223059299,4.121722057938063,1
-0.7395232706442583,-0.04004130413326387,4
3.7847559573101113,2.8039674028210206,3
3.691417814557943,-1.041600085331951,3
-1.4347760467844923,-2.8631250877098537,4
-1.4190970376766154,0.5087920274455194,1
-1.4259410339961802,2.541593038054494,4
-0.38432075692824075,-1.1708252398165215,4
4.043290179716468,-1.0260750735338984,3
0.09598899089099161,-0.1727407298193974,4
-0.7078762682399931,0.09237567560181835,2
4.129317167526901,-2.0954332275200707,3
-0.8300097732054408,-2.142885003877644,4
-0.9087333817349671,-2.051552320081454,1
-1.2560381942697778,-1.470007720773448,4
0.8305070468217699,-0.14256108583363203,4
4.16638210301602,-1.0700681947803978,3
4.047394409946348,0.5481005170027391,3
-1.956716695498413,-1.6097686514316658,1
-2.0335186341504246,-1.7691852205734557,4
4.200224337797618,-0.18769437172571524,3
3.7551955492917726,3.2418131655715547,3
-1.6199638196357067,-1.8546531427976292,4
-0.9145890203630797,-1.0363153565415646,4
3.9574721952345686,2.2165602417749977,3
-2.127514620771308,-1.0745602465789306,1
-0.26003258549555835,0.0470680214462146,4
0.01165578708019473,-2.1385441413684827,4
-0.7700276430626396,3.030139438012802,1
-0.7594654163186473,2.329973110434211,4
3.8400309603577045,2.183552432008515,3
-2.468876284800474,-0.3209765652350464,4
0.6468429355602365,-0.3628894046480915,4
-0.11553180631785874,0.5093206943705616,4
-1.5565592160736788,2.061458241014877,4
4.010353698368432,0.5701467142013327,3
-0.6689344093118386,-0.6863391439721498,4
0.6517847544865809,2.891982480480647,4
-1.7527707546934783,-0.0034486217597341504,1
-1.7473050767596545,-2.1915058290856844,2
0.2780239155570643,2.2280716975178048,1
3.6353300182951926,-0.5451336469284198,3
-1.9453481908717094,0.17056287943745485,4
-0.9304191623719783,-0.04579038660542111,2
-1.8174042537059436,1.9699024831861254,1
-0.7857959660532225,0.7076531532261944,1
3.046487023522337,2.475430540821314,3
-0.6168415477439565,-0.6691106466032033,4
-2.306931437892619,1.0494701249215248,1
-2.260462309003386,2.4018460173098135,4
2.4364704995631756,5.156804908456579,3
-0.11636592408880159,2.850271188924854,4
0.42741227480603566,-0.05862913460493609,4
-0.26115997490057896,1.5215509103605165,4
-1.0822599561219137,-1.1616991970047144,4
4.105797946613197,0.042003910718627725,3
3.9468385353437134,1.1006197966156235,3
3.939937667084781,0.4500987318142462,3
0.32707599670543186,-1.0107928011636522,4
-1.286715709965884,-0.7992441537260545,4
-0.14350023042858567,0.033165958314697916,4
-0.4205081469683691,0.14730453136798508,1
-0.0014662593294277662,-0.6013216288326856,4
0.989770352414289,-0.11057481977916649,4
-0.9943826815074399,0.3477278360088514,1
4.481289294732029,-1.2140428895325974,3
-1.56990953375842,-2.8611769143702186,2
-0.6094495015101631,-0.20183031299546683,1
-1.8401789561995328,-2.525257065859828,4
-1.6429265188462854,1.1883066108431075,4
-1.7439991628177132,2.226177732536784,1
-0.8335643865947668,2.459669120186061,1
-1.1933550264380615,2.7947116534546774,1
-0.28608650745432657,0.7809563517747203,4
-0.4073138177038868,0.3211758450583297,4
-0.6213685570590772,-1.9944607190184098,2
-1.9178003490597946,1.7181230604159616,1
3.5374197271126633,3.6660953671956102,3
-1.9294100958014708,2.1084624654538566,4
4.0603614473736656,-0.4532213756263147,3
-1.5354510343636287,-1.5130304667162264,2
4.435117053406595,-0.9602538993877275,3
-0.7262048457849254,2.1851500059507414,1
-0.2303887489837694,0.45901506961901173,4
-1.215863016444809,2.8039738307199222,1
0.5372565502317923,0.8035966693707719,1
-1.2614547333520667,0.19227109463221886,2
-1.0951803396343687,2.7980641002594457,4
-0.6526522165083516,-1.5162338564215372,4
-0.2165386489048735,-0.3845728815141067,4
4.037605866212363,-0.23042830911006768,3
-1.531195600218756,-0.7473660470020907,1
-1.0156298949196485,2.9468227209794833,4
-1.297440887113459,0.23034032893809536,1
-1.8728366970760848,-2.1582950642831236,1
3.9179014167931836,1.63163447644065,3
-0.20877284135671575,0.18487011333992256,1
-1.2245590536012192,-0.16105798985387013,1
-1.4115955850756643,-1.636651638331589,4
-1.2999661701860423,-0.05440974150887044,4
4.591193505330029,-1.1195949325575592,3
-0.22329834055084613,-0.468708074070454,4
-0.34000344789864867,-0.1674880512404201,4
-0.44427633353606105,-0.5165338128506258,4
3.840829247867264,2.7222713574825756,3
-2.458268904587257,0.5801868866454081,1
-1.6344815090432576,5.6571870164906,1
-0.5042788539295775,0.6387589904826756,1
4.3989664609480945,-0.10096165525700061,3
-1.1942603163285646,2.8680641526037802,1
1.1217021240855456,1.3680900111000915,4
3.969586008862609,-1.8672226825200655,3
-0.11743793727653082,2.4842977330969513,1
3.725361129947222,0.5394326932668713,3
-1.0104358090836814,-0.1532121927545483,4
4.234373274237212,0.4633455294794079,3
-0.9832213351768109,0.5030631355701604,2
-1.2080562645994808,-2.1730654582557363,2
-1.0867109926442498,1.2383018449928909,1
-2.1602259480433488,-0.5852192177235542,4
4.162186617866919,0.7768912112857542,3
-1.7417366181768763,-0.7025798552089288,2
4.110256004494051,-0.999013644121555,3
-2.1986151741953317,-3.544937727456287,4
-3.056309932654843,0.8110685048203894,1
-0.05375292597461053,-2.9314653583800316,2
-0.350529944554526,0.8297007190126574,4
-1.560676428161175,-1.7259910604973288,4
-1.0849448625763272,2.1808134222367106,4
-0.6708290022634112,-1.491719759901754,4
-0.15983730246763805,-2.5314073796641017,2
1.0653377766818999,-0.7655311948052617,1
-2.3108104651638244,1.4352282212098717,2
0.13305803007498596,-0.4573678970382141,4
-0.9125178353083799,2.228115043841215,4
-1.1672327677181846,-2.4769970488120845,2
3.644283423550105,3.2081338926395118,3
-1.0538555816357813,-3.3411174628700366,2
-2.224973197657589,1.3847962439721182,1
-1.8951698431772745,1.3919715250939124,2
3.0043959370056372,-1.819785278194014,3
-2.3283694497439975,0.44266340141217164,1
-1.760299908774432,2.994163085441315,4
4.567403982752367,-0.6691385535988741,3
-1.438247479733136,0.8683471407556214,1
-0.6968259121083179,0.056132150984055586,1
-0.8741377440769882,-1.2778468168536439,4
0.1584671610620075,-0.9068362186835812,4
-1.6729515795158827,-1.1347837086744532,2
-0.0680916879205245,-2.4965910468514068,4
-0.17477574837671003,2.1161260663557067,4
3.4204001347848707,-0.043358794945184055,3
4.60119424701932,-2.722606372329327,3
-0.3250694380006645,-1.0777502112835817,4
0.08282721807112392,-1.5966246740480645,4
-2.21465873254033,3.018461207323943,1
3.5910882542042897,0.5220176598459948,3
-0.07022653724564513,-0.6751000327953023,4
1.0461319396909314,-1.4196907649806074,4
0.3563136640400781,-1.6121859114922292,1
3.882355059159273,0.3784189415840735,3
-1.246397099828853,1.46610167924731,4
0.2605948447715776,-0.8468554017963308,4
4.168390246332787,1.1074667587630844,3
-1.9598036657169033,2.8825789091431906,1
4.500608730088734,-0.6854459702797665,3
-1.1977796760856119,-0.487088374516472,1
-1.4365365383580382,-0.9348363673337077,4
3.5385857770443914,3.099014898815993,3
-2.4987141618344055,2.398797980239049,1
3.904875876887632,1.452742686919217,3
-0.6916765357727931,1.8643988763417227,4
-0.25294502976688077,-1.7962692372647362,4
0.49672378025876923,0.993920077505321,4
0.17252065780821166,1.049251101792117,4
-0.9545869608347508,-3.22002103759066,2
-1.4226276431274958,0.8398898392987876,4
-0.25911816096813467,-0.7587691372394686,4
4.0528974319097015,-0.4847993248067981,3
4.250896286610694,-1.9616086229884069,3
-0.7730054416282524,-2.423418813599964,4
-1.0505411061737122,-2.8408016402461365,4
-1.1773376794646795,-0.631763725590228,1
-0.5391727068455412,-1.9006036102788788,4
-0.672256348824046,-1.969809001339953,4
-0.6639105243860551,0.9729471947955494,4
-0.47862639508079013,1.6398644077537485,4
-1.1809739643028718,-1.9809940630355445,4
-1.8220561908960335,-2.2684939406490576,2
4.186786346105468,-1.4026198424350003,3
-1.3057884316170514,-1.536027297848996,2
-1.2927300916117266,-0.5142131062708679,2
4.360161743316893,-1.8963906877580785,3
-2.1963194889551207,1.8004335545644619,4
3.02802321892371,0.39805687283026325,3
3.635362650577355,1.317011199229962,3
3.3567046092495305,1.4997438474627947,3
-1.1665146151799028,3.4032902012948236,4
-0.2954451132768014,-1.1315299427481964,1
4.22591947459611,-0.7394684863907217,3
-1.3490189602143545,-3.2941185237832022,1
-0.8491363143531265,-1.3863562005216572,4
0.5970056781072766,1.2664850272494927,4
1.1611026394044706,-0.8820815336044174,4
-1.9852776110161554,0.045393108417883986,1
-0.4730321290171625,3.0483833162289398,4
-1.1412296646248126,-0.4847628105793007,1
-1.10077573932443,0.36444784854234047,4
-0.29989351544606324,-0.807891966074241,4
-1.2324046788935228,1.3587392304622024,1
-0.9254398025488835,0.19123980076614766,4
-1.1684636267390776,0.8308953332877353,4
-0.026533654703461557,-0.7009462493653504,1
0.39580815441182665,-3.8250164211235727,2
-1.9577542245763926,-1.4381340643341316,1
-0.3584884710949942,-1.0578526543121058,4
-0.8201554698651913,-0.8343419354744683,4
-1.9039416500227686,1.8032988941830337,1
-0.7191651181033688,-3.1591378367123566,4
-0.35674164029045446,0.031409469088779146,4
-0.40619328204076915,-0.4317031117596508,4
-0.8148705927828243,0.2942229124602549,4
0.8886197996226252,-1.3922952472319234,4
-0.9151618053753181,-2.5084789538252283,4
-0.558772205114237,-1.1475579606311774,4
-0.9371766700033664,0.5763161815824899,1
-0.8842965768575769,1.9594092494045867,1
-1.8091223430397567,-1.5444241261960594,2
3.1595152736567234,0.8653247369309666,3
-1.4344296795094136,-2.6235487280446543,2
1.0585746007914079,0.6451436884816106,4
-0.22911136665767645,1.6619358905756456,4
0.1912037107147402,-1.0518318046130446,4
0.7764248825593686,-0.5238691060051045,4
0.11285379551496032,1.7446971027501896,1
-0.42865828752302043,1.5795331881671875,1
4.21364575576644,-0.96608921664787,3
-0.4008893862974454,4.5043651289365405,1
-0.8756598120329405,-0.38425301971253173,1
-0.14985788546558843,0.8050934112068276,2
-0.5767766456104754,-0.20440529415098274,1
1.4458624143921077,-1.848115818097868,4
-0.18605535189254185,1.5154318884596976,4
4.600541316733345,-0.35581826027071634,3
4.0965736902305725,1.0844631391540593,3
-0.6781132824123165,2.0354795286910288,4
-0.7206319127734131,2.046992984999551,4
4.043189132818019,-0.5898655918548575,3
-0.8134093469217876,1.2777010473303378,4
0.03522111400887298,-2.2197047368488674,4
-1.4577334823759782,-0.976961054121877,2
-1.8594561342211626,0.4067090561029262,4
-0.6236813566461819,0.4851764834779492,4
-0.8354603405057212,0.38037651486790613,4
3.7269472083749937,1.1905808072556643,3
-0.26814248471324714,-0.10761345861991976,4
-0.6947241641156926,0.31991248598976796,4
-0.9103185515736392,-1.1940662683574064,1
0.8736801812183209,1.0663172706771087,4
4.267054133498907,1.5758640785048523,3
-0.09525814827280343,1.3136728338745858,4
-0.38533516746097535,0.050546536961423486,4
0.7075451363060037,-2.6614657169655933,4
3.5308184667971965,4.240152099802769,3
-0.5192992454630543,-0.3880820982916668,4
-2.104633366561621,-0.3061017697034677,1
-0.7042769819730702,0.7565430184482393,4
-0.4407698849802117,-0.41914794907518493,4
-1.0579862995404128,-3.7847880652092307,4
0.09223776931636295,-0.6866390334768919,4
-0.5144889956320841,-0.6005066983731703,4
-0.8343861796986458,0.9974571767181108,4
-1.878591305812863,2.512577767404284,1
0.3153461057760796,-2.6061931073555353,4
4.352325270159021,-0.7095351941323006,3
4.219173107223837,-1.166610129020787,3
-0.7729423196430032,-1.7018591164260073,1
4.427914948189064,-1.0979269333651733,3
-0.25060789776358033,-3.017148217102303,4
-1.311240631170813,0.9736523761166822,1
-0.4349420417894071,-2.265751953442037,4
-0.03606933557034672,-0.15613825217766136,4
-0.23495912856765727,0.9480568623112954,4
3.9991059747684616,3.058348655114394,3
-0.5148173653393028,-0.7134706223651035,4
-0.7956622230188655,-2.795301458022173,4
0.3340711656040964,-2.1681718119190085,4
0.9528976514763692,0.29761251554867024,4
-1.6669396834499446,1.4670941905193557,1
-0.999468195533475,1.782472406589764,1
-1.0009777929721377,-2.3563395735167583,2
-1.162392708404004,1.793547570300231,1
-0.4511018645403439,-0.7702262575693806,4
-1.8627712839343964,0.3945263941593248,2
4.096141586566872,-1.0638109798810036,3
-1.5123648942608547,-0.05788121987832019,4
-1.8118573521612829,1.145022947198652,1
2.8974145974227294,5.8605635884278104,3
4.265309450139185,-1.4697685119867139,3
-1.693624990253693,-0.8939485904178945,2
-0.6295271739875965,-0.6558870056110224,4
4.238829604740129,-1.2971703202286995,3
1.000938920758211,-2.1574892328637265,4
-0.7007106876079017,-0.25762461690916516,4
0.32574866885663867,-0.6684486906738668,1
4.2393180688724605,0.9487951783127833,3
-1.6315330508444348,-4.256951280002568,2
-1.38558097671782,-3.073351072387649,2
-0.41744714606755157,0.9198483897619724,4
-2.89237994818808,5.148596760584172,4
-1.5094310699438391,-0.5189102656366967,1
-1.0053722507390834,-1.1330895190280446,4
-1.5430575879811526,1.5632604044388991,4
-0.8209659725418815,-0.25419392800625973,1
-0.2594589429601609,1.1594291766788873,4
0.6574425182399816,-0.7333963044640107,4
-1.0057273670141516,0.20373328113506994,4
-0.07809364128428821,-1.0358512765210481,4
3.554314562676825,2.1175485609774416,3
-0.8416268019291607,-1.4089480060037167,4
-2.725931863379769,0.03180797479007295,2
-0.9674002571286656,-0.9268784129134074,4
-0.8727607016187237,4.725199026732061,4
-0.30072882509465476,-0.4014230252781771,4
-0.5072155528303517,-1.291274277619863,4
3.5380019647155314,4.963664096011164,3
-1.5051145506224501,-1.4950678865219285,2
-0.8035901305118932,-1.7291016315890915,4
0.5539511714759018,-0.2092841170137424,4
-1.9098656354994517,1.2593290222644038,4
3.778865949820569,-0.9593217626209591,3
-0.7710940020231195,2.262136009534923,4
-1.699471309332434,-0.812182869968651,4
-1.40006218859159,-2.3477755120220714,1
-1.2107240471675265,-0.24150531765488858,4
-0.5117045416162529,1.845269600835558,4
-0.3849194689097913,0.4056454545650465,1
-1.4560435817449802,2.2228393778205704,1
-0.6958028396694309,-0.033939079912523436,1
-1.6394605354141998,-1.3025979199225952,4
-0.8532417306918983,-0.6733659435652242,4
-1.9226100654688596,1.6353348534621324,4
-2.063408757141024,2.3072394964764436,4
-0.8601965623692001,-0.4273420301006751,1
-2.632867731333337,2.3255142484045326,2
-1.2253445698767442,-1.6420033560348593,4
3.6275442121746315,1.6117554026132388,3
0.4264598696591724,-3.8265180275392963,4
-0.039059201370980484,-1.8557788353319298,4
-0.9209703831531374,-2.5930442825646733,4
4.083921293772795,-1.7043010585833402,3
-1.1272086107323644,-2.6687919162612856,2
0.6517990977641228,0.352099226233655,4
-1.2685793791643183,0.861906066650998,4
0.754976175517127,-0.14924238988020605,4
-1.2418084183403721,-0.5542916059761959,1
-1.4397128010943239,0.6555434749146405,1
0.4029995827121617,1.326953824269853,4
-1.0942269147900348,1.9653194410186559,4
0.4868848637959432,-1.0853074449329259,1
-1.6687031612141319,-0.5457864655750415,4
-2.488591671036797,-1.2001678289673474,2
-1.6597192211213274,-0.6869188184293975,1
-1.8895869266991419,0.6580079639896677,1
3.5653940168917337,2.722872712727087,3
3.177675877767171,-0.95401138251903,3
4.191346679013932,-0.7241032774259004,3
-1.9201999608776794,2.649096237250453,4
-0.9556883346262257,3.2869420075366826,4
-1.7217568685979163,1.3341587488604385,1
-1.4165532305539617,-2.3346916310307098,4
-0.17893828198855827,-0.34759571571829745,4
-0.2760530441034632,-0.311981361383527,4
-2.7421826905234137,3.5976873107000253,1
1.053626513835615,-0.6037827548329441,4
4.643152641899822,-1.311583671016738,3
3.7635849490805087,0.821182934710334,3
4.110017320520928,-0.0984828598431953,3
-1.7498080509413212,-0.3771210329174961,1
3.8964372563245777,-0.41114683565201365,3
-0.1966408620383427,1.0632029293073728,1
-1.6209318490617395,1.5883955213647252,1
-0.40709895071136115,1.6499946607655018,1
-1.6366778101334263,-1.7573461152817489,4
-0.47261349091526433,1.8318093899990249,4
-1.8051024090760859,-1.6446407608714704,2
0.08540998010005449,-0.26582763802425413,4
0.1434164378255253,0.4549666238364855,1
3.0257190867712733,-2.0742900757611555,3
-0.07333198963432805,-3.285546895465679,4
-0.734166983438915,0.7290544845365959,4
-1.5571726280739964,4.580893342048604,1
-0.23774043121130847,-0.19037615523950122,4
-0.36224060698793265,1.8098316874104814,1
-1.5735233265711717,-2.622289777002448,2
-1.9798084716584412,7.361445988124735,1
-1.921316988975152,-0.3162985741029796,4
-0.1746778850228601,-1.2249097498710557,4
-2.2884970124426993,-0.6071823213539934,1
-0.9861172611183734,-0.06690441946269166,1
-1.408616506144078,-0.9356266421620523,1
-1.6508352935204307,0.03136820820002745,4
3.7857610926468785,0.29490186000403595,3
-0.659662959631665,-0.7542398920815748,4
-0.5739053525392587,2.5063753935849253,4
-0.6916577032419887,-1.8248043211426022,4
0.18587001168826187,1.8146571388263506,4
-0.26246383448309113,-1.4606643974507003,2
-1.0828673863518696,0.22670943093567225,4
3.7862359333324473,-1.08289746787635,3
0.36847488783393517,0.4775311123196889,4
-1.0982977331375026,-2.49069951231855,2
-1.5335648179912356,1.458274667010521,2
-0.6654278347354802,1.067650114096288,4
-2.0233974694490673,2.3568126949945585,1
-0.18581126789242447,0.7950743545778549,4
3.61429140181119,1.6049364079393889,3
0.9395506913787887,-0.1276353038646768,4
-0.7023701156980875,-0.29737758549384896,4
-1.5921312513808958,2.2956304908603746,4
-0.48542107949335767,1.8196305886703625,4
4.057072610888379,1.2979601695478384,3
-1.2335886130628442,-4.119042291005549,2
-0.3627963513508363,1.7488194571586924,4
-0.43115995949736774,-2.642939850284955,2
-1.356146962359972,-0.144053191804066,2
-1.3735336122782789,-0.24630444758006298,2
3.964197531476902,2.663597705013375,3
-0.7322556568239464,-0.04969367422196973,4
-0.02417719523480446,-1.3562517891483838,1
3.4528733212324974,2.8018872838563134,3
0.917902451418884,-0.679325469605282,4
-0.07674010814524988,-0.7376819591885841,4
-2.6665660138338976,0.08231660547101145,1
-1.4812025746148483,-3.944446344603053,2
-0.5729849033281841,2.137306166903176,4
-1.962675435680793,-2.1876796283214857,2
0.1986487241278585,0.10886626586064928,4
-1.7188056542227432,1.2401349671216182,1
-0.3575400450948087,1.933307449367465,4
-1.4368317369011134,-0.04183638291725389,1
-1.9645504211663742,-3.626159178658352,2
-1.1262728786396228,-1.531330351394638,4
-2.5330093945795786,0.7917948791674844,4
-0.6644470574447511,0.06748105123492994,4
-0.7266423836042817,0.509980522095854,1
-1.010014242407341,-0.5625806825231029,2
-1.1931187494818862,-0.8527873978866133,1
-0.2456549529149255,-2.3083420119206086,4
-1.1551644823141125,-0.9932470591202235,4
-1.627239761093815,1.298333846447461,4
0.40474992840270374,-0.686119629392488,1
-0.33519290733939167,-1.320514094099393,4
-2.3616085447085067,-0.7866285687797637,2
0.6456953972917755,-0.6901206610990934,2
-0.9811692945062954,-0.5110377828332253,1
-0.5068627593379736,-1.5227825101246852,4
4.591153434441377,-1.239531354802299,3
-0.299127891225083,-1.6929338036784431,4
-0.44474744862620735,2.503580567767585,4
-0.6776357212275628,-0.8550482272530753,4
-1.0667128796074323,0.1388818701409206,4
-0.41046667737793757,-0.4750502776121043,1
-1.2778510742330353,-0.14274311469332934,4
-0.791753425195936,0.5485948399414445,4
0.17859500879795565,-0.6933073519120608,4
3.597504873330954,2.555611320886542,3
-0.6731126572643213,0.8041895343560129,4
-1.5234872094569698,0.12842477445840678,4
0.5665087653172562,0.6838350708078482,1
0.0892529130755566,-0.6565394447279403,1
0.17057774470124604,0.8431540460373845,4
-1.6249362193867045,4.074536126236637,4
4.201599268175867,-0.5376023859942946,3
-0.485689347327854,-1.9618826962895044,4
3.4782502704383575,-1.2169122733078794,3
-1.3669088768282889,-1.862975089021588,4
4.123840974507005,-0.7140580685791036,3
-1.5914604692222507,-1.0529243956957917,4
4.364624960480847,0.34297042252347165,3
-2.228304586046447,0.10045901049474548,2
3.8199623697423837,1.3074846885583813,3
-0.4967729963564624,0.7578595313563115,1
-1.2423225514192886,-0.33766678674658995,4
3.550516568857297,4.210055610940714,3
-1.2963935612838176,1.440602910743467,4
-0.8904239743350162,1.0295367245659952,4
-1.575218549850352,0.7287199385790836,4
-1.4253544732314112,-1.5212996545474649,1
-0.422281455990729,0.6691276534928267,4
-1.5330851845481035,0.5556675160754824,1
-0.41179496956295736,1.9794206850518206,4
0.13036122471832023,1.6361082321708493,4
-1.9822640043528614,-3.0941655463646396,4
4.179411700485888,-1.4648216609636222,3
3.5707633675425097,-0.09396818774393437,3
-0.9198117390757502,-2.200149445959541,2
-2.0839106383694763,-0.8583349328524964,1
0.696430996193004,-2.7674534492001595,4
4.496030612786175,-0.5543851792095015,3
4.430225192616981,-0.6767164387789321,3
-0.423177824241772,-1.882231096719119,4
3.2197113690543833,1.3871258799199127,3
-1.3855397912481706,2.633392710300959,1
-2.2131732670451654,-0.5728359777349988,2
-1.4340269325718908,-2.6391665918362643,2
-0.7394028822723653,-0.43030225376748393,4
-1.2408836373773968,1.259070090485721,1
-1.3199072644172225,1.0689292746528485,4
-0.06929427420739545,-1.0261396873101578,4
-0.5751103426928935,-3.30498176699752,4
-1.7091721421775896,-1.0512241084546299,1
0.5706174598985175,2.2975185498471182,4
-0.27242389451283755,-2.240743137774966,1
3.996210711257314,-2.259103552450043,3
-1.585511988133293,-1.1191301995922383,2
3.7440554071684504,0.8479113038128742,3
4.241159442197678,-1.0305738241345828,3
-1.0001727191687246,2.772666036924555,2
-1.4436964440396889,1.5162782161490596,1
4.105717970426272,-1.9261478046976341,3
-0.2772688851290888,-1.4547685735591647,1
0.08965688179425543,-1.9222451227955815,2
-0.45492997811660024,0.8049986047479027,4
-2.0971594767651878,-1.9574218502752496,2
3.8993808474232363,0.21340402917884876,3
-0.6822829096195838,-1.8174897068472984,4
-1.6920252213502436,0.04389178741810721,4
-1.1931647531538065,-0.9516850111347878,2
-0.6989412420783048,-2.8585574314079776,1
-0.5698228416645631,1.1437597564596707,4
4.029641316359321,-0.2900159135148835,3
1.1148931144003758,-1.0073312603168436,4
-1.6282802596550756,-0.9111936786493937,4
4.44748097087008,-1.384164077976971,3
3.908112104998576,0.5804717545030893,3
-0.9610310676203101,-0.0845834821589943,4
-1.7431380901483144,-1.3516942417192364,4
-1.1391980276526572,-0.759716453563823,4
0.11908214814834538,-1.3430275384440529,4
4.265015880421738,-1.9067739155202943,3
-0.4287914125959668,3.992985744600242,4
-0.7938653546979579,3.0838603134485734,4
4.195473800481775,-0.018052989084071755,3
-0.7803858438812245,3.6425200222736955,4
-1.6864141062733031,2.0814819343010993,1
-1.7637726908531914,0.39853316272699985,1
4.056660973709223,0.9507005230904703,3
-1.3750972504430365,-0.03286263844073322,4
-1.2121929339974582,-1.9645403879420926,1
-1.7468828865635073,-2.2002690532016995,4
-0.20648917964194657,-1.0434533599924996,4
-1.3746439231594016,0.1486403633377842,4
-1.1868198992021917,-2.640592318697636,2
1.0399417590188411,-0.24610312917579255,4
3.7090431322322512,-1.3658320694704502,3
-1.3069565302815929,0.7265524025069725,2
3.8218860778373163,1.9795323218133603,3
4.298617542519301,-0.9342003362734497,3
-0.6871010103185439,1.3870306030865305,4
-2.109237581452345,-3.8720316225720235,2
-1.8617704004381725,-0.769402385143024,4
0.6193784426424667,-1.0710064939718693,1
0.045550726287328605,-2.099828905469746,4
-0.10546046637839292,-0.9847148879512232,4
-0.3239902594838098,0.8223944985217585,4
-0.5520236051079845,1.2818087118314971,2
-0.16437149125340875,-2.543669511598933,4
-1.289191688420923,-0.6416942695744627,4
-0.8638048090307491,-1.292470544594672,4
-1.6800427385038,-1.8769664330717406,4
-1.8419768802873189,-0.7157564007693491,2
3.5819958218317822,-0.22787058271755128,3
-3.0813600113215918,2.913484346870848,2
-0.48157287278711924,-0.24898437641723337,2
-1.9915370139568744,1.0629149212352564,1
-1.2751653782846233,-2.4874904986634276,4
-0.8657438424683329,-1.004319937022781,4
-1.213867955969919,3.4358037154786287,1
-0.5194551796394113,-1.4224801898934776,2
-0.861777980509574,-1.3589496324371761,4
-1.1527823393532073,0.0835879352741169,4
3.957564419436206,-0.7769105472219489,3
4.094966635803327,-1.161959149400087,3
-0.9375277284294635,-0.11893361986454527,4
0.12030022211912936,-0.2271269212192699,4
-1.2350991389831187,2.104208162279713,4
-0.1232346281760019,-1.0957726294091237,4
2.793338198965554,1.912050790922244,3
-1.2500135154526246,0.3624597331359804,4
-0.6858004748164386,-0.12173678742612186,4
-1.5903994162261774,4.359468468432547,1
-1.5274037934434708,2.94034721726746,4
4.244280002463817,-2.5165167105103636,3
-1.931714625955933,-1.041439152905257,1
-1.6488453145304511,-1.3421190892301513,4
0.6803031055717884,0.6889845229582584,4
0.2448515906724438,0.1630052460527608,4
-0.7573603474399205,-0.057168120074959146,1
-0.05528173350427518,-1.1918415807368397,4
-0.20737420248760077,-1.4551719072795313,4
-0.36425929973405535,-3.050245951254482,2
3.878251168689231,1.3866579204071696,3
-1.1686302868386091,-0.7345313994444982,1
4.123241640291956,-0.5505910138433684,3
-0.7738377198923801,2.2833827876929687,4
0.3801855617737247,-3.5930310861991406,4
-1.838739689098016,-0.4142374705346969,2
3.8975141520246273,0.8826831235712934,3
-0.5172307842685976,-0.786355932120607,4
-1.5937501527312554,-3.7010932057920156,2
-0.23382735835350696,2.3678290319997095,4
0.3110493749969767,0.7233782068182439,4
-1.8159731634575713,1.0189455108082532,4
4.143587962427381,0.12379681864140428,3
-1.5170862262234623,-1.3441392952455553,1
-0.7473631639751178,1.5164212962142591,1
-0.7153853603580734,-1.764415126337842,4
0.9416540915794147,0.9223548098944016,1
4.0664091519980525,-0.6200487058259572,3
-0.30855009583192466,0.748796504376795,4
-1.0861326925311428,1.7875470194764733,4
3.8671170830256734,0.6072964021351691,3
-1.6762781608345532,-1.6851752759157672,2
-1.9628761307395712,-1.9721103370430322,4
-0.8129397113659691,-0.15976094687735473,4
-0.2615376827524551,-1.2307445918771232,4
-0.9294237637262521,-0.47702771518133086,4
4.120416840364363,1.2190901960432121,3
-1.3223635739928394,-1.5637418006947408,2
-0.48677985185869316,-2.1358564572885137,4
-2.345106509289379,1.17241069242571,1
3.4598224033202865,0.9454342984136495,3
-3.0364529304693355,-1.173091439084545,2
-0.6404390694481399,-2.1098251824671097,4
-1.236558996738469,-1.6253196526940936,4
-0.0222282941311285,-2.709238298098101,4
-0.5269885064300488,-0.3336367899853468,4
4.326249442727497,-0.23427523742869663,3
-0.7480922600321002,3.196983146784201,4
4.482976808140921,0.16662353720642128,3
-0.9600164409121831,0.3577756534170776,4
-0.5473663128653931,3.474319474941932,4
0.5480967490065697,1.766623549473411,1
2.508140925616227,0.4404315267832333,2
-0.8962853140827951,1.901363399611669,4
-0.714424278613415,1.1737039987314064,4
-1.2242735905742868,-0.9667973214169222,2
-0.007425351188038657,-2.01781215778489,4
4.249700781384851,-1.0283409112284985,3
-1.171865831871153,0.8037091786032688,1
0.9895363343235536,0.7348295000558267,4
0.30964105010288906,-1.2002955373782238,4
0.22048025618671016,1.4720927887996056,4
4.359278522072198,-1.6814078663038468,3
-0.6957421589831607,1.8574838122152502,4
-0.46146956421325014,-0.7383362927291244,4
-0.4129668608629204,1.2758514487960728,4
-0.40390110947852537,-0.7130870998149507,4
-0.9314036898563233,-0.8213465949374377,4
-1.1378381649811418,0.09793420410078812,1
0.49596893895950517,-2.005340174497363,4
-0.9675472363010736,2.6861630675650474,1
-1.4376606233997644,1.8247804116761919,4
-0.2175551577121594,-1.3265940478659695,4
-2.913809957124481,3.125328943437488,1
-0.5080072922902273,-0.38326035095054556,4
-1.1142469475083123,-1.387989917369549,4
-0.9005975894036861,0.6333570979801947,4
1.5274785824104102,-1.396086185668689,4
-0.4589804645930622,-0.6290870789938156,4
-0.9225807089666503,-2.3488583035180297,4
-1.0665949072141854,-1.7956043429361437,1
3.520862035260366,2.191722667021132,3
-0.10534402672115592,0.6977588055438129,1
0.4587469090592759,2.01865007582463,1
-0.9341366752981435,-0.5400781965975392,4
-2.1496508927011617,-0.4166554791528037,2
-1.4779482540596667,-1.8657526445487453,4
0.6318227128273639,1.5371103826966352,1
-0.7803043536010564,0.38487874349603945,4
0.03290724214793623,-0.332972036797527,4
-1.5987263369222189,3.1079969794046387,1
-1.3117266358924993,-0.8191233966945632,4
-1.7892199736781078,1.8250365144964744,1
-1.7341212568679323,-1.4454472005157064,4
-0.47152777748181535,-0.034090511121064974,4
-1.4577100058418244,0.6925929711241249,1
-0.4033366564053267,0.31553655825363497,1
3.4797005404854375,1.6347579256278633,3
0.054560759986026365,-1.459976788221951,4
3.7838391101683473,2.4578292026723947,3
3.701608097587363,1.339614804149342,3
-0.8270239215008287,-0.13328473606172656,4
3.7017061898611354,1.4135494907942328,3
-1.305944273399821,3.9516564903475753,1
-0.45165532440314954,0.042489793914470275,4
0.9145118179492839,-2.5985755746275143,4
-1.3863873421172852,0.6332657834710183,1
-0.783934427170984,0.5796015475014169,4
3.2957283824995285,0.517389031108661,3
-0.8683142337325338,1.6758032013568358,4
-0.8600363383669811,-0.32431527092047224,1
-1.5234928657767657,-1.4673963526746163,2
-0.9661111647057978,0.317714853502568,1
3.8093683554349718,0.3119176299398243,3
-0.9939153368031792,-1.3482381056132315,2
-0.3451248375419095,-1.6731544938716445,1
-0.37786031267131304,3.4603035774147366,1
-1.4554414055201086,2.376988181697063,1
4.286619804925829,0.43529524783782064,3
-0.5640313950302296,-1.4157388622097267,4
-2.4481938411187034,-2.980087094476277,2
-1.8546604658360462,-2.302243696100573,4
-1.311347426481311,0.1181160478330404,4
4.083005184466677,1.1617770158124987,3
0.3312273248436975,-0.7985653438270027,4
-0.5424663069374367,-1.4983879888014513,4
-0.8638430746094148,-1.3512062705638608,4
-0.6160202051446588,-0.9032017088411685,1
-0.7021959355483223,-1.493169501293225,4
-0.46326833913303844,0.050159517291072285,4
-0.8606810177569085,-3.006359869583664,4
0.8597783758433267,-3.408148086901072,4
-0.30028161910295076,-0.1978562607647928,2
-1.335661759836949,-1.3118766405957367,4
-1.4966665616407904,-2.212159978430068,4
-1.3024876181270642,3.116758810025565,1
-1.306139716367903,-3.9352519354943514,2
0.7358065643806403,-1.880040043505976,4
-0.5903548875495904,-0.16829107939115712,1
-1.0027860371631128,-3.2268929643345765,4
-0.8301037139260175,1.238556985026187,1
-1.0594628407318956,-0.3817885643387664,1
0.009328421168132846,-1.4734981019863758,4
3.8604982442802296,-0.7910309642811021,3
-0.8095373069431822,2.2463268394151217,4
-1.8568415371294893,-1.9026413925112022,4
-2.0349351216851885,-2.8990737394913673,2
-0.455839789033622,-0.5550383493290241,4
3.9135174602750844,-0.08763396888749363,3
0.4561586330709686,-0.6879680770046197,4
-0.37699110907545835,4.1402535385282215,4
-0.14296473464421267,-1.1683562593762056,1
-1.5200933192189237,2.029472509693862,1
-0.7248789822571146,-2.0739093294680164,1
3.607776363054174,-1.1359614073995776,3
-2.139913344391504,-0.5423152435376939,1
-0.753084263345856,0.6999421686186755,4
-0.7103050332005602,-3.2610464732567985,4
-1.4031616959516662,4.210755784812523,1
-0.2960733872854566,0.48670229983691227,4
0.14561532739822164,-0.03267091862399639,4
0.35955393597870744,-1.4335396593285472,4
-0.8294200988013646,3.112570059319987,4
-2.2664905312380603,-0.24751876144678278,2
-1.610866829385325,-0.8427820859908147,2
-1.059490612932837,2.800657979815572,4
0.0812271236469097,2.1259117328196657,4
-2.384843973597279,0.8139928167236843,4
-2.0438369595185724,1.451216844885415,1
-1.2777262604939001,-2.502565931550885,4
-2.208903809174285,-1.0207524772803847,1
3.86820400190612,1.3042576605992655,3
-0.7411059171327867,-0.0530011584914469,4
3.197508431542209,3.302715878739873,3
-0.7395988486409125,-0.2845852820945342,1
-0.48299550840336675,-1.4964884612440594,4
0.24049786924822095,-1.1358508156000882,4
-1.8488903476797802,0.15191887099074197,1
3.3114977407583415,1.0347828538150707,3
-0.20022888785489235,-1.9854472442336795,4
4.476288928300797,-1.921790387081995,3
-1.1922088642739603,1.131141763333017,4
-1.1281735467053915,-0.1867016382910185,1
4.338186684549294,-0.3761816255974984,3
-0.8629844907834197,-1.5131905177358513,4
-1.6208737619804996,1.9246251053002479,2
-2.9589426228861346,-0.5553715263189772,2
-1.7119220580112098,1.1636204859595272,4
-0.6917787411082482,-3.7851539128142275,4
-2.185715288295349,5.753488087332314,1
3.9543412863272427,-0.44134252636692356,3
-2.0396850828625745,1.7682425076985056,1
-0.38326995303516004,2.3527890660327566,2
-1.2876376270491916,-3.2483806703838374,4
-1.351242593093011,-2.8785359940600217,4
4.091631772532273,-0.058411713419370875,3
-0.18538769527151663,-0.9093350757748307,4
-0.019250555039406394,0.037486551467203776,1
-0.13996432505300552,-0.06421307388433847,4
-1.3719325349035187,1.6286817273628935,1
-0.07528692076458265,-1.4680349647164346,4
3.9898038226872794,-0.377940737556477,3
4.1964627346180645,0.6068391678407349,3
-0.9803345305086316,2.678897937221991,4
-0.7821701205527906,3.100740725339474,1
3.7091799213906396,0.35473164874137975,3
2.2993689680684763,1.7556532005714998,3
-0.5372938121006114,-0.6534846727244197,4
-2.096528183032527,-1.541452880161712,2
-0.2877275012557433,-1.263796601434671,4
-1.4130554629011414,1.3601943331545556,4
-2.809707682444827,-1.971131159429533,2
-2.2683968670014423,1.368345581061726,4
-0.7213423918039229,-0.9259764688986967,1
4.0865424819756075,-0.016346580793130977,3
4.456565585054417,-1.1620286815923904,3
-0.9505503826710893,-1.4716427629337037,4
-0.5922528038181836,-1.3454401600418562,4
-0.24385923033050627,-1.1042747775043409,4
-2.382743665534623,1.0816796109635258,4
-0.8345382759942443,0.016394267919972547,2
-0.1652702804517626,-2.312836096138288,4
-0.9100077110349588,3.356420907976103,1
-1.0568809390502911,0.20359211447146952,1
-3.108044052751039,2.5571168061393936,1
-0.4151417717444054,3.415598546845047,1
-0.9076722862578692,1.3343719769378988,4
-0.5788408504462766,1.6563925335864393,1
1.003867756137696,0.24800294400233305,4
-0.1708303789029606,-0.7130238238456196,4
4.645709282323689,-1.3559120374604168,3
3.494077670440661,1.5718412139423106,3
-1.36265148114255,0.5662679740782237,4
-0.19329846923372793,0.7306901295545012,4
-1.4408097303946465,-1.9453983942285056,2
-2.0907542620356243,0.9935267509513755,1
0.02818359968031106,-2.8086279479414746,4
-2.951774768805211,-1.3456721316159221,2
-0.5136163788077371,-0.018962301731192656,4
0.8403058296058625,-0.4723990819731326,4
-0.9076041340438646,2.7030918483521327,1
-1.1135565702524124,0.40727658472746936,1
3.9029752948052736,0.9003956590808118,3
-0.07220859790519724,-2.3786486821659074,4
-2.4161784909895223,0.39459430208007973,4
-1.2145384311935723,0.26440301732141547,1
3.45069879007045,0.22210895868908498,3
-2.063747337402425,1.0470311064992026,4
-0.9001380261138564,1.3363648352242015,4
-2.17410010079475,-0.09295882408234327,4
-1.509309574966843,0.7200017234539642,1
-1.11647758303261,-0.05528434771612375,1
-1.003524758612494,-0.9611186561240247,4
-0.5308417313263692,-1.6681493858066807,4
-0.867798519810579,-2.5033239415559474,4
-0.8497556882576626,-0.9115546077545473,4
-2.411093104481684,-0.9366443236483109,1
-0.15974315674919223,0.9800391537281108,4
-0.8261996713520658,-1.8238298102904227,4
-2.088841612666673,-2.0700712458278514,2
1.00202921447745,-1.8415455102751233,4
-1.358957200631292,0.10405125334734255,1
-0.3645137318476311,0.9854872575617667,4
-1.4163695799967682,2.2286865305252532,1
0.3658531601336497,0.7295073378038853,1
-2.1255963900792905,-2.9280272051783047,4
-1.615239055805176,-1.3656723987128727,4
-0.9060503404451792,-1.8470788761717922,1
4.050761369132642,0.3382189384934176,3
-1.241366465941416,-0.1877686071667848,1
-0.14279034451560038,-0.6761175705350744,1
-0.07886851693388547,-1.6074475687903766,1
4.237306832633732,1.8101643647861043,3
4.308237339463302,0.04816686561515895,3
-2.322550473379317,3.0510294184426257,1
-0.24794641087708086,-1.5157524364432324,4
-2.8762546654310066,-0.3395850574728861,2
-0.39986463858254157,-0.9663292828920073,1
-1.2726091594442461,-0.8766912738557431,4
-0.9395438339298018,0.45939483955330224,4
-0.36685339338492295,-0.15242680765954586,4
-0.844676518165488,-2.505559356379619,4
-0.4785973492898531,-0.8544946821235352,2
-0.8674224855921799,-1.5650183208984776,4
-1.757783985775695,0.5451399190628436,1
-1.4932937134419912,2.9293752331729226,1
-0.43632886557681655,0.3079029793375387,4
0.23637226790903104,-0.14785116117808356,1
-1.1886213007071404,0.5667243383844115,4
-0.41104715327708224,-0.49131438475712974,4
-0.8751978796150188,-0.39485895586494374,4
-0.9773577757150924,-0.6421959814162798,1
-0.9538738691005222,1.0700061685847673,4
-1.115168175661895,-2.21909870783228,1
-0.6436401564083074,-0.744844920840999,4
3.624728750178679,1.5081290521841368,3
0.8381178396062423,-1.5332955107001693,4
3.981957712180094,3.076057125514779,3
-1.2245351609839163,-1.0243149678369738,2
-0.7299866218426341,-0.16117343535396458,4
-0.11661572257218794,0.815840219073816,4
2.3761496107239357,3.7792977298074333,3
-1.2088970946072326,0.36403760020617515,4
4.291387674916402,-0.6900261599978686,3
0.25543086319048147,-0.2313109092865558,4
-0.20912132828377086,-1.0887508208218966,4
-0.26162683956204447,-3.9629800727358337,2
-0.20351587065276563,1.91103327214486,4
-1.6482687510933018,-1.8057406933096776,1
3.9130888501969783,-0.07186753370480253,3
3.9495336688771676,0.21250976871417965,3
0.21920784762493148,0.9399049573853355,4
0.9001950388072621,1.0075659637436778,4
-1.0154476375726975,1.7508772078314268,1
-1.7682632910866571,0.11063570882065431,4
-1.7619608846661816,1.0951922007722559,2
-0.09457326910009425,-2.3070700360419223,4
-1.7106529939579582,0.2173167795695741,1
-0.9865383359255416,2.5806428789384626,1
0.4959593801824652,-1.3978839570155226,4
-1.3233226309956452,0.11933470874175481,1
-1.4437069233297968,1.266436527900496,1
-1.3497162743628397,-1.1576011576760674,4
-0.1097486678234945,0.2563670450837133,4
-1.3042253826963313,-0.9240380707984975,2
-1.1675540478609805,2.341538278919598,1
-0.6349333319418793,-1.1522865383822831,4
-0.37302843513279804,-2.3436600930807616,4
-1.4738788160218714,0.7610111613222666,1
-0.9997984078625873,1.1653175456579674,1
-1.179145207213349,-0.5238381717541476,4
-1.2277409446791672,1.420674514908495,1
-3.398681692512383,1.4772638298655818,2
0.18116636468387162,-2.8197247777311274,4
-0.7492349793152273,-0.5011679020219982,4
-0.26549079151332833,0.8813820177839098,4
4.550243409488927,-1.2530880776710438,3
-0.9989083094295471,0.3821663351237364,4
-0.5950754275375896,0.14814552824696478,1
-0.5151181770816986,-0.27507424810618264,4
4.308335762482637,0.27289478904404546,3
3.8461534338404015,-0.8045780149185667,3
-0.30369649617795824,-1.3746342705969694,4
-0.2955391915440143,-1.693372482652693,4
-1.4557080770670556,0.2946844792871159,1
-0.5348814367841078,0.7713435477515492,4
4.338659353278393,-1.032965823924921,3
-0.9387610080198345,-1.698488403543264,4
-1.5671204689101954,-0.36331827258550936,2
-1.1460889821145177,-1.1170456878595427,4
-1.4880811413340131,3.7975659770202754,1
-0.7912325493995117,1.3840334119760074,4
-1.602055989205337,1.5742135414567047,2
-0.8274817245014874,-0.09755979933225546,4
-0.12925407069662082,-2.145146189121277,4
-1.5365952065214195,3.662452694170933,1
-1.1863232433138022,2.5942460137929477,4
-1.2059185328793762,-0.7908056312973519,4
-0.684518589957595,4.290071974350394,1
-1.7366247404349178,-1.9735366426150713,2
-0.9461217177875321,1.471992024569071,1
-0.3777192108836203,-2.2736179021176475,4
-0.7104795514099864,-2.2282188460449763,4
-0.5545561488658617,0.0731990139952517,4
3.961929385313018,-0.26100402115416105,3
0.737729480197793,-1.0172601255266498,4
-1.260428732708653,1.605131602890987,4
-0.9028211369930997,-1.405306658757718,4
-0.3008523956168888,2.030668715476463,4
-1.302377005371587,1.8242708070851268,2
4.054263502527762,0.44589664910012294,3
0.1816906383951576,0.348212836475987,4
-1.142601401615147,-0.08980432454832285,4
-2.0346457078120586,2.877707975709187,4
-0.5443776121285151,0.5940344952815606,1
3.27988980045321,1.998205771619536,3
-1.2851684613494059,-3.506814455729573,2
-1.8139176822862129,2.063998211749146,1
3.94140206291969,0.8321269687326478,3
-1.294823667899109,0.1683074951443964,4
-0.04855168891090194,-0.2770764035658795,4
4.242756203177781,-2.4073741882656043,3
-1.7158625997623422,-1.8475724156913447,4
4.240068665104608,-0.4192683405653673,3
-0.1434646644416027,-0.6406125241276855,1
-1.508373756004204,0.5923738594677805,1
-1.210489458603003,-2.8301754733932802,4
-0.7661404311523264,0.6897623042465192,4
0.25171508913189444,-2.09516940029036,4
-1.525490997363755,2.7239427889747336,4
-0.08419353828674153,-1.7167828083795094,4
-0.6883223404899609,0.03748112865107828,1
4.507512019982333,0.0113890324684072,3
0.1718909566385237,-0.9057357305649539,4
0.21769178168671469,-0.38790574280080403,4
0.0022318550179983103,-0.4789877701479842,4
3.5262895972833626,3.1431720372937573,3
3.3294187420545214,4.454497633424598,3
4.236766811453281,-2.602724025893081,3
-0.4544647378078937,0.01237620061441739,4
-2.1690223281562315,0.5470493002484258,4
-0.29103815066338795,-0.39723908356483345,1
-1.3673056341690153,0.09892850038869405,1
-1.613713282396708,-2.163588823737936,2
-1.2429521073483136,2.2424705396722038,4
-1.1849800700281738,-1.6726507774226147,4
-0.685618973826388,0.4373819033698545,4
-1.4910406296568304,1.5720486459174918,4
-0.7044582497003565,0.05270712095038917,4
-1.6689663996557698,-1.1090323202069103,4
-0.6944365937213249,1.170615217188546,4
0.9520769889911856,-2.8772146466840645,4
-0.45651712241341064,0.6279637081945086,4
-1.217269079818024,-0.7462612201395715,1
-1.4117158444524252,0.42535777873069053,4
-0.4386735072213096,-1.493281829918945,4
4.0652348824183315,-0.568465692231064,3
-0.43489163091461047,1.4567098180089457,1
3.8193489808304286,-0.8259197035584261,3
-1.0028548776393846,-0.742192477758353,4
-2.4004108603950574,0.4234259424228525,2
0.006049615352991299,-0.5483873850110677,4
-1.831584909860508,3.891199893340213,4
-1.7355965838283915,0.605164022515042,4
-0.6147336851247512,0.161543913262732,4
3.5594835316097857,2.2811213918024396,3
-0.2610082253856734,-1.158910847484927,4
4.01619228912485,-0.14198777158478568,3
-1.5328371526266895,1.0236205683677466,4
-0.5205123277547176,-1.3166072893439489,1
-3.285130817733387,0.6327999044829151,2
3.5591052701450594,-0.6534266718549929,3
-0.035179763308528296,-0.9292362216528215,4
4.526879161003484,1.1747466274915226,3
1.1602706421646378,-0.2139806408056619,4
-0.6322202973587151,-0.2901315212964723,2
0.8430240490904001,0.7595950147054948,4
-0.6423481221739284,-0.4268128703081236,4
3.892476314087177,-0.18067249269872065,3
-2.1225749950967474,-2.909003518144961,2
-1.081938303305674,-0.4808191099481264,4
-0.6737456154185487,2.0553760432970836,4
-0.8103242242823144,0.6772073897559602,4
-0.48584335807234547,2.8627871598194994,4
-0.6118223137695503,3.411743139558484,4
-1.5326766463056556,-0.031050979032620298,2
-0.20800792669209792,1.9788093238516715,1
3.6455023597336655,0.23770774885481968,3
-2.001793576280642,2.7853385553010312,1
4.002382358190651,-2.486539895765543,3
3.4553995200858805,-1.1258313460138536,3
-0.8139600617674546,-1.0730392170772687,2
-1.5731302769293656,1.210205892754629,4
-0.9219906791163124,-0.82646382879452,4
0.2649868966045522,-0.2738509247803785,4
-0.1058372448976613,-3.2905554119000713,4
-0.7943776857514382,2.1618171927066485,4
4.17493276974591,0.38178011557160774,3
4.305700738268722,-1.9676022013770709,3
0.22553925408952924,-3.355641776380565,2
-1.145700502232206,-0.5492173744970005,2
-1.5769757511231104,-0.8782767243610825,4
1.4131460686257493,-2.564282109338885,4
-0.8113428857387345,-0.11433931100578837,1
-1.1709134364343448,-0.35800466114398616,1
3.899944094519291,-0.30771693646509357,3
-0.0035147839528146285,0.27189581531558604,4
-1.0478497149163153,-0.7747064810467773,1
-0.21640345023670268,-1.8777535337962485,4
-1.3945214609158425,1.9775338474395348,1
-0.9389863666334343,2.9007117200033004,1
-0.42567761298345086,1.4868591110416514,1
-0.14938710249444187,-2.50895160675334,4
-2.1958845413875396,-1.518087911403313,4
2.211950353988987,-1.3812305705192818,3
4.217555065195375,0.8002247509399464,3
-0.38098406559062326,0.022076585058148933,4
0.03439731247513199,-1.8501898315228527,4
-0.5943899388035748,-1.620598646821297,4
-0.5195998590768757,0.46746112839836174,4
-2.807011265552267,1.05144496894754,1
-0.13523623403677812,0.18334665842387482,4
0.5343663840860003,-0.6281114386919,2
-0.3517059798180951,1.4703521624874754,4
-2.7703244833940106,-2.8047324832240665,2
-1.2671923348424654,-1.7207674072822716,4
-2.024392650685501,-0.9876259984238437,2
0.047225626561810716,-2.2569212524348012,4
-1.6361664650089627,-1.2521870333599188,4
-0.48631205227380075,-0.5921207484849382,4
-0.8862383789996082,-0.05902683045899729,1
-1.476638784335153,-2.902137603304761,4
-1.290796744542602,1.624058243109569,2
4.221686682483156,0.7678363543570222,3
-0.7032039999947052,-0.6299180440874323,4
-1.254900757490427,4.005311235323049,4
-1.420037677252532,-2.8534048757378794,4
-1.9980768923050627,2.3291401541986003,4
4.0677869270950975,-1.1966911238151412,3
4.1246774948650415,1.8831593071151913,3
-1.1813837699843153,1.506223739899452,4
-1.1685272064286554,1.4962564992977372,4
-0.23491301396281927,1.4366033476166316,1
-2.5086888241070504,-1.90900779300471,2
3.8671435328522916,1.0309109612950365,3
-1.8288562275701017,-1.4512389817396083,2
-1.3322063765683323,-1.6296015534873367,1
4.512285559772278,-0.5941214955468657,3
0.04188737811755282,-2.061850130219336,1
-1.154398018496317,-1.1262956753021456,2
-2.294167476846507,-2.5297090451838358,2
0.5766011847516175,0.9769120371346287,1
-0.7968098171104756,1.2065815425863213,4
-0.8008736222295616,-1.0543110404402927,4
-0.3226225863593654,-1.902933825232656,1
-0.3431259040166193,-0.00172190943829254,4
0.40029777716095627,3.638073045314354,1
3.991857814497174,0.0070095623971063985,3
-1.0025282096221155,-0.47385024486133764,4
-1.5960484124016563,-0.017030747689292428,1
-0.7871252628713611,3.260434404524208,4
0.4137491322521067,3.477603492939767,4
3.634077280295076,-1.0505196909051637,3
-0.8596552546384721,-0.6574109793628945,2
-1.6257398788811794,-0.549540370764224,4
3.8137663842449916,1.653773671288207,3
2.883068286934226,0.26723826027478587,3
-2.8566548171297916,-2.6611004003478334,2
0.011931470580952439,-2.8230590113330876,4
0.8886096206138396,0.41574741426423456,4
4.293710596400991,0.580474017915006,3
4.242007849497177,-1.210141917244513,3
4.238326936129417,-0.9138696603977883,3
-1.8570389737341555,-3.294907373361779,2
-0.5564569101424951,-0.30125962463418354,4
1.3177222739116694,0.12322890264429735,4
-1.6449932703193995,-2.2132933712203577,2
-0.6093545434372944,-2.5389680261483436,4
-2.0211840425938554,1.81462169972601,2
4.111624344001879,-2.962240361703883,3
-0.5581268688079156,-2.7428963318092956,4
-1.2776540824016016,-0.9792612354656741,2
-0.09743532690437519,0.48273459638771604,4
3.4938290063319744,0.29248207760718375,3
-1.7885120869806617,0.15014149377197553,4
-0.2389828126399156,0.9533382035806193,4
-1.8009946796585854,1.2750270257961454,1
-0.8715170145561401,0.19584568766418534,4
3.7387117488534005,1.1727621242252098,3
3.746647954939,0.8456047004001922,3
3.7528153017806063,-1.3786424769065162,3
0.00651142570172881,-3.5043376731879072,4
-1.166828444154841,0.2880094518451009,1
3.8941681346029045,-0.03556841930053003,3
-1.579432952130929,-1.1803180559187092,1
-0.6602432419250345,-0.329301888590031,4
-1.31926741302907,1.3872510999227181,1
3.4739422955251857,0.8153346405250738,3
-2.8487333598493514,-2.8838300472190075,2
-0.42146212746300593,0.6365721474727158,4
-0.8871153836514646,-0.4655433328583046,1
4.481963922961494,-1.6352168033153083,3
-1.633389702001105,-1.5191223043540152,2
0.12290839325071813,-0.714290301509951,4
-0.5994193275792166,-2.4077741482010953,4
-1.6418596049834873,-1.317594466026709,1
-1.8416036114028311,-0.12012804564914702,1
-1.2062359315413271,-0.6089161859955141,1
-1.991146299457271,-0.27284188753438954,4
0.3987830433841085,0.30975193427886516,1
-1.9462098685201634,-1.4544634144136104,4
-1.368849588336088,0.28400795770164466,4
-0.461216702411472,-2.0752880125971376,4
-1.4175328273695933,1.5605998468120124,1
4.2274798929981,-1.8763155815487818,3
-0.406117161957631,2.994991567315151,4
3.1647059342166304,3.470815111201082,3
-1.1476536025695034,-3.5074652259863965,4
-0.5305057945192659,0.344335453492968,4
-0.45918826544873825,-1.7951705851236333,4
-1.0214980286674575,0.026330548836787333,4
-0.29708407643291446,-0.12399316525125653,4
-1.3440149197168596,2.1020181865358336,1
4.1758531176060405,0.5178881660857952,3
-0.04979510107051664,3.3279685647274864,4
-0.6352862427749215,-1.3957653628394675,2
-1.5051887106666146,-1.6302366799351866,2
3.9688899228628665,-1.6068400104744762,3
-0.020998745698288673,1.9083971206454293,4
-2.072776037328443,4.050539542877052,1
-0.6720706446849791,-1.7301850778377146,1
-1.4919801970775335,2.0279889793442964,4
3.929277116968067,-0.25419788600253873,3
-1.769881937678759,-1.1639855696539112,4
3.5033232257297238,2.9247146968039757,3
0.01551137130456346,-3.007157731118947,4
-1.3548989067360373,-2.105878788854619,1
-0.6716127861342783,-2.456247141278332,1
4.051547638368948,1.397254750500836,3
-1.2668016899785748,-1.2817309731746478,1
-1.489850847845015,2.7966597254491745,4
-1.7235596261320565,1.0972553290670235,1
0.1308531715339329,-0.9734941719230631,2
3.488132380004495,2.247594684843701,3
-1.074468328620471,1.2778216819587194,1
-1.3589341912337023,1.633825872050416,4
3.3341785794547336,2.6632323548185908,3
-2.5336770895461616,0.8539957077326593,1
-0.4471655345762154,-0.7693844097526159,4
-0.9215597988158531,-1.0200137182511468,1
-0.8089844643654265,-0.3046165348306394,1
0.005292633303913992,-0.6060134845333901,4
-2.0604934762743015,0.4040454836058338,4
-1.1832621648016817,1.7188692294449406,1
-0.1351419949844739,-0.024702653350181365,4
-1.5520349360903696,0.7233684992030829,4
-0.3049428761842051,-0.10939766068770722,1
-0.37312900030702684,-0.09037685106892629,4
0.09672997730049028,-2.1862307387786046,4
-1.9373376987154567,1.6229125687864576,1
-0.7464454349611745,0.47034538378327434,1
-1.05530153891235,4.428804734941712,4
-0.6277359116737571,-1.0041851279580232,4
-1.090688772349153,-0.9782131320264497,4
3.872895573595495,-0.2689719019280777,3
0.24847464224694354,-3.477713070044093,4
4.096837615167613,0.8785100156347315,3
3.784182898407455,3.901938844003428,3
-1.4211799775274871,0.19747093270335322,4
-0.4992716009190276,2.5239809333223087,1
-1.088777602076857,-1.9756109194992328,2
-1.3771776198751422,-1.116838215824927,4
-0.6312028144508418,1.1934885581368229,4
-0.6546427817499073,1.7864905627460668,1
-0.46611279320247856,0.6579876495139013,4
-1.0221192347807968,0.47237356155270066,4
-1.3604820481796243,-2.1299747187402414,4
-1.4021781556047284,-2.0166092227811014,4
-2.1580608308601468,0.9150770236496387,2
-1.3242133925708521,1.7909666685178454,4
-1.564813317576967,-2.1621863705690925,1
-1.3239548188676278,-2.4455499842005763,4
-1.4251839297267928,-1.9443501400101768,4
4.189930554470563,1.3386015961446756,3
4.232672417256187,-1.6805502549434297,3
-0.7722571720188652,-2.0737206120588367,4
-0.947588443739189,-0.1630960656287938,1
-0.04339609687654628,-1.8612670218788383,4
3.441667960552873,1.5945478778343454,3
0.011134910873179107,0.27654066831861773,4
3.6668431280597877,0.025464752168523685,3
-1.706081407829175,0.8172852474860988,1
-0.6488626134591339,1.0207394456363064,4
0.1454886362230067,-1.0483663638155083,4
3.801296934026921,2.6682256103290176,3
2.9753541461269797,2.734239249279172,3
0.07738260281822693,0.7191037304271316,4
-1.439335138628637,0.3140466874251507,4
-0.315523532363249,-2.2170234922282845,4
4.283519646776662,-2.379216164430643,3
-0.09611221466673193,2.4159830453907,1
-0.6307212281115906,0.7947389010298519,4
4.016261923442777,-0.45331412930503046,3
-1.1899353384146765,-0.5081781784194233,4
1.1695776140837681,-0.2701997660036365,4
-1.0264870362256013,-1.4323403812252455,4
-2.346479041231833,0.769279699631892,1
-0.5612544673562557,2.759537897013889,4
3.8353120764245894,1.4815282361632975,3
-1.8765471823330089,1.6664955015128131,4
-1.278979169475967,2.023345924325802,4
-0.2532624348440081,-1.5759549743015207,4
0.5793978036528505,-2.0044972613903456,4
-0.9615392610376077,4.1680251917196465,1
-1.0980756920012524,-1.6467134976150697,4
-1.338118667740938,-0.7915500359568962,2
-0.1977560397313963,0.9761566022435002,4
-0.8248092991195883,2.1901266147010023,4
-1.9880536213903695,2.473926991977065,1
-0.2764123305839437,-0.41950156754233137,2
-0.42489123183284516,-2.4658772528416337,2
3.8137203042503653,0.2271579303972341,3
3.7730659418881833,6.699565077779865,3
-2.455148206111197,-3.6380527248043806,2
-2.300562796248441,-1.8523268415272331,4
-0.4431745391310027,-2.4321697754884135,4
-0.9919176494212669,0.18938351351014857,4
-0.5714858698058267,3.35768160922493,4
0.48138736394829423,1.9622415060329081,4
-0.17096090734953562,-2.73257106047573,4
-1.3796835589513792,-2.1193316149249637,4
-1.4750220066889004,-2.162636903224367,4
-0.6200164035506963,0.5297004079729364,4
0.001374665813847395,1.4242312553044048,1
-1.141867614088078,0.5578248714205097,1
-1.2409724999557332,-2.1337426617173927,4
-1.4237929459761187,-1.6078329732819103,4
-0.31682251272934964,1.3328364750818504,4
-2.2101539071078933,-2.17168572532628,4
-0.7131478109453483,-0.9748158384006799,4
3.249534369903837,-0.5121816502876487,3
0.21641999177825838,-1.308094378296178,4
-0.572015077527473,2.408388792852505,4
-1.5928260548971096,-0.6562281162702481,4
-0.6859839539143807,-0.26085211843759104,4
3.9367825513835593,0.03031063687263658,3
0.060371898078616426,0.010106572863990802,4
-1.221089921787081,-0.18214051784655125,4
0.019949799950160094,-2.088452429308365,4
-0.07834063804847324,-1.396216631042815,4
-0.5687723362967174,-0.4291748348455422,4
-1.5983788476804504,-0.8918955807242194,4
0.46272878095195524,0.895183708373033,1
-1.5056490241701275,-0.5196269919271449,2
4.005529622589526,-1.1866631856097516,3
4.562338470372946,-2.2500771152498085,3
-0.379010355489773,0.22908657193720475,4
0.782283111159163,0.7829878445992109,4
-1.062938724846964,1.395537850595056,4
4.097915400800883,-1.2967129753304183,3
-0.41517749589962016,1.2877135131693227,4
-1.1436774372311835,-3.186633002014421,2
3.92395126516217,-2.308077665660594,3
-0.9059998851985255,-0.7973144676433953,1
-1.8514856672290096,0.8748541349152256,2
-0.7544267890622617,-1.474583412287429,1
-0.9760214678416345,1.7239689778016332,1
-0.737925287618618,-1.213857795828163,4
2.3099054856663086,1.2889964160664151,3
-0.8500142339540606,-1.0420376064842574,4
-1.232271906926045,5.301170481526359,4
-0.6570922491400857,1.0521538770038408,4
-0.5025052798856627,1.2190897639405924,4
-1.1534264384636321,-1.7646279240751381,1
-0.11810593033246998,-1.6454456272939353,4
3.9537285741327852,0.14301530046491195,3
3.3770568675766675,-1.9744418681774543,3
3.725712253391374,-0.3334360705163185,3
3.683155386503099,0.01621133527962139,3
0.25704113654081706,-0.18078172789654326,4
0.8660883305162664,-0.856808240409901,4
-0.31088641714803955,-2.3202368322440545,4
-1.3300087047409084,1.9830317041741166,4
3.417544277805131,1.7099962653738177,3
3.6502165245663813,0.8003315912388909,3
-1.3362412036917297,-1.1863528751019694,4
-0.7557482415008451,0.33394258232108526,4
2.9595975477869403,1.7816514332156177,3
-1.2319538294798464,1.127454348746184,1
-0.4660685820787376,-1.38940468378131,4
-1.020584597690566,0.8285844069381884,2
-1.271893244488149,0.6260200189280173,1
-0.5791094851174254,1.0431717394037465,1
3.8831113420597982,-0.2494790619218499,3
-0.7079568582801606,-0.3285423446417481,1
4.41393018838036,-1.6516333937231202,3
-1.4190361184582139,1.1914503210377538,1
-0.7105216668846261,-0.5121006228632347,4
-1.5723496501677066,1.4515340989928112,1
-1.9732907054834055,-2.0345605052493534,2
-0.6030500597014572,-0.3048562699170883,4
-0.1281202314652275,-1.6365063259059858,1
0.610679505960547,-1.7568288069659646,4
0.01204337834722343,-1.3999509667477181,4
-1.4356050885004867,-0.7979904010765014,2
3.254673241549773,4.530848329036614,3
4.207539343208104,-1.1756160814116008,3
4.130395676743519,0.09080034795342491,3
-0.6791958856386123,-0.4720408347520538,4
3.5267542803497953,-0.869555458490477,3
3.9881901884946185,-0.030346520041477233,3
4.335035733538666,1.1878168792620531,3
-2.2260767569268167,-1.0495953645287952,2
4.043183325568365,-2.066889378632862,3
-1.7207932349778798,0.8022290539031354,1
-1.1458762369480882,1.5205218910015876,4
-0.7536252993109845,2.1896777246442642,1
-0.9248634384879483,2.9365523945369207,1
-0.8880622320661246,1.8786979056179312,4
-0.8095797259985901,0.750277961517545,4
-2.394001051952431,1.231005703658237,1
-0.1620245252829698,0.23850975324387674,4
-3.1784600876076334,-3.0601585441877157,2
-0.4849748426980253,1.8161700646986083,4
-0.4018508013612285,-0.567273957630062,4
-1.7126847062630113,2.0046591978128325,1
3.3149555017814842,-0.49371453526177483,3
0.25087808099919445,-1.1284738692749212,2
-0.6232579526332028,0.6020531389995246,1
2.9222352190759073,1.4690051914749969,3
0.29177240763573714,-2.389374833078867,4
-0.18035740067681372,-1.1262682793825143,4
-0.21970193131574087,-1.32781303113056,1
-0.5922038713322498,-4.346253433536323,2
4.101248812537356,-1.9183696924474316,3
4.525055199522441,-0.40424554629034853,3
0.060126188282441706,0.2906209007265522,4
3.867200685610866,-0.6626896740940874,3
-0.934684613127968,0.3106385986829267,4
0.43390637208967214,-0.061810822494277676,1
-1.9396029992107278,-1.2466058627201047,4
0.619709413162782,-1.4394547767888137,4
-2.186404957954732,1.1746473500467765,4
4.126472340689631,-0.8356086603201867,3
-1.6857707022381825,-0.4482651093643868,4
-0.6380156341636367,-0.2454660814737045,4
-0.4412810940569866,-0.8080467360090102,4
-1.6307902063642377,-1.380930641350452,4
0.27786001819778394,-0.5302736309009296,4
-0.684793391993604,-3.1950912067534856,2
4.061652612996109,4.69106268408703,3
-0.38938662116129225,-1.845881629383577,4
3.2672845315077748,-0.4473592616869245,3
-0.026450950499966708,-0.8453028552250456,2
-1.485736876148683,0.7664600453853501,4
-0.344294253562404,-0.22942035382082213,4
3.851355576306756,-0.24442503710949312,3
-2.302203195914042,-0.5619162838925114,2
3.479999341874893,0.8378089229507604,3
-0.3713954619873637,-1.864162116723949,4
-2.816183167542886,1.0931235194164666,1
-0.16033411135009237,-2.997437187908076,4
0.32967128220345054,1.4635997075993001,4
-1.8263779595617962,-0.7312457907788957,1
4.189454918687903,0.042355985295614844,3
3.973600969737446,0.4397292670202799,3
1.0633240143433798,-0.6821422651811936,4
-0.7315273710558824,-2.3629151223206835,4
0.3475647667497327,-0.7739575939201009,4
-1.238785471649425,-3.4758006818042366,2
-1.0655338295256167,-1.1719915272480863,1
4.189746566997565,-0.844307347192969,3
-1.5681733867956542,0.01686981482605698,4
-0.39717531416107793,-1.086017185392855,4
-1.3984389017971608,0.03467324702420404,1
-1.4091711316132018,1.2022430479029724,1
-0.5893858832355947,-0.9638934372721962,4
4.020271414148566,-1.433226554881778,3
-0.8414792538127166,-1.4271824703979898,4
-1.2033544080940637,-1.7873745478103795,2
-2.12672183339261,1.9036603227313074,4
-1.0951730620919318,1.6673061792503996,1
0.09356514224885408,-1.0241990688342408,2
-0.6781966139364682,-2.258087305527076,4
3.944506448912872,0.025200189247992295,3
0.19388878706347612,1.163332376421066,4
-0.1297277513418657,-0.41118623753242023,4
4.132639128422335,-2.127733768551233,3
-1.5318570167341756,-4.178454520739403,2
-0.3164233141954492,-0.15809151905584645,4
-0.022679491789664667,1.0586444987435595,4
-1.655367929042009,1.9094986444143482,1
-0.7538060958320518,-1.2549366524952943,4
-1.5962355842521256,-1.8180111754706934,4
3.930277689593418,0.9732338480419073,3
3.861672828037616,2.2843090119432317,3
-0.45858377448034293,-3.396059014211781,4
-0.44418939612358876,-1.0332017080591112,4
-0.36426376275035444,0.668903796496984,4
-0.7859108828968594,2.347972252738409,4
3.8772175247180845,-1.1645916525128324,3
-0.8180603325738025,-2.3361684792374597,4
-1.3438952035189564,3.8930017823682195,1
3.99781209138612,-2.100616677744321,3
-2.8105345137039985,1.276441117716391,1
-0.6664695483610187,0.46563169820040146,4
-0.48467812923038445,-0.5234327667385923,4
3.196465025789738,3.8908580173609177,3
-0.5028942095113638,-1.6378195937942683,4
3.378869300262496,3.933799722993879,3
0.2732596257675886,-0.3903283035650412,4
-0.4978857716128396,-1.7890507677615977,2
-0.7622479492945443,-0.05787234027211301,4
3.630421591971747,-1.7837712279499176,3
0.2598316296900844,-0.6864049492968803,4
-0.7637541517762374,-2.268823479940859,4
-1.9351985304547952,-2.73913579934354,2
3.8459550974113603,0.6403645356118142,3
-0.7522873286940335,-2.081898343882888,2
-0.6782364211154388,0.5572671847854166,4
0.3567019370557782,-3.0467114963261923,2
-1.1226152562721297,0.7053128809391946,4
-0.6094083867287207,1.3409606615536789,4
-0.8178154109704494,0.5329407396118421,4
-1.8832389989940317,1.3686920410593806,2
-1.8113670663747088,1.1295812301765695,4
-1.149018304670218,-2.856454627673394,1
-0.011186402212418277,0.082174316395891,4
-0.7720094868158013,2.513281264606882,1
-1.6447155593924336,0.2764114625273038,4
-0.508954440255589,-0.6554797926676331,4
-1.3156104305248901,1.3186414633655923,4
3.464674674917393,0.6142094152373053,3
-1.1656151469664928,-1.3556846291733315,4
4.064304574006886,-1.6505281191357188,3
-0.5662674322619604,0.9879280683383536,2
-0.3654408510577923,-2.131586245281525,4
-0.07498724083985431,-1.0665838049509155,4
0.4046225461853109,-1.2312683933886255,4
3.400477485982302,-1.2918681331384387,3
-1.9606152238816483,-0.13347775852045865,4
-1.5871009633929776,-1.483998164319184,4
-0.003719602900668464,-0.3689096173506441,4
-1.3407786164629718,0.8411548014521563,1
4.037452570824683,1.1180577543504537,3
-1.9414153401520333,0.2558980930262362,1
4.520953649027746,-1.4219292966143444,3
-0.21074894063793181,0.307230166778578,4
4.649971277716661,-1.2118312302580858,3
-1.6886981039901878,-1.2246280523072741,4
-0.39505375114690205,-1.214949943034974,4
-1.3795077382111471,0.9143406994079034,4
-0.17684458244971102,-2.0079214432652686,4
-2.054365107592258,1.9645388029093598,2
3.8188551185599384,-1.3108186867058078,3
-0.3720418629201431,-1.301548853674733,4
-0.9278363747450211,-0.7611875695023727,2
-0.09737846483252048,-0.8583834819320383,1
-1.0279300765231651,-1.2572881947490604,4
-0.481376462229448,-1.3729502674555432,4
-0.5280995461753908,0.2558152115355007,4
0.2952597264768967,-0.5222373685329916,4
0.4411189564754131,0.33115917891111635,4
3.8313580697967273,3.1845632082439685,3
-0.8196256637367725,-2.7179540493842476,4
4.0483978533044525,0.17011646759964574,3
-0.20689849462884255,-1.54023516616973,4
-2.709408875666991,1.8436899407736813,1
-1.0461714821103143,-2.9207712446580154,4
-1.6323641631593995,-0.047153171568825675,1
-1.3636943907425805,-1.0162004001711444,1
-1.7754017488194933,2.3557347476662627,4
-0.5574896342134336,-0.2979900686730827,4
-1.2588543872897986,-0.37504499924145795,4
0.18660411994949014,0.5667790784671594,4
-1.0493031063544611,-1.13522542097702,4
-1.9383210417652676,-1.8923987993481814,1
-0.5094400895575906,-2.43279855666534,4
-0.9815735636101907,-0.026617073494358785,4
3.9460547047623904,0.8330797039810468,3
3.5317165694666977,1.646066767522204,3
-0.4581977945726877,-0.5988451574964933,4
-1.1651856754357024,-3.6246829270623357,1
3.3315977008182203,2.884127488456187,3
0.11482361344494638,0.037248346376570075,4
0.3067359299497009,-1.4718713155884926,4
-0.6664125268146918,-2.123205970855472,4
4.538692676179496,-1.9263870457573684,3
3.7885253440925055,1.5466324218317884,3
1.6827790174189492,-1.5701360926829893,4
0.4787055021426885,-1.9365708977080274,4
-0.46480069193836443,-0.04497845033607409,4
-3.078894234586374,4.472636558248701,2
-0.9113420117478868,4.289389591230113,4
4.2059183897019645,-1.5127157471192194,3
-0.8010590906130729,-4.130626177637884,2
-0.9400676032701217,0.8538857823651759,4
-0.7581427335196166,-2.3432194517192566,4
-2.043679179673229,1.4752500806799256,4
-1.1840572331207586,0.00930561403771024,1
-0.40590625792210905,-0.3093677176991123,1
-1.1131833975911896,-3.7673613020759875,2
-0.12224635074278185,0.7634525002208751,4
3.605529356543904,-0.6903987794744151,3
-0.017818314141395824,-1.0745128197301046,4
-1.3033438834057562,-0.23409034905857184,1
-0.5948636030076643,1.5890832435365965,4
-1.6263657297509218,1.223263991988377,4
3.6101247129084966,4.325812446121688,3
-0.8958405484172169,0.14688275428834743,4
-1.5941289873148765,-0.832783704556565,4
-1.621251778411928,1.7293729884989126,2
-0.2654358332259731,-3.1186130365191396,4
-1.3218512683953416,1.9539955444604407,1
-1.1161546180295099,-0.3314918391002008,1
-0.3673041974370516,-1.3795704964347397,4
-0.7627459215960137,1.950522217198892,4
3.7258242368111616,0.4798047748682492,3
4.535209787986403,-2.4235485515322717,3
-2.523026636437456,1.446019178516441,1
-0.5572578137627062,-1.056356539737985,4
-0.1443992071914352,-2.620929658166878,4
0.9511971100885297,-0.32867225382366555,4
3.899496637879601,1.7250951671955927,3
3.939100591175114,-2.633572508332986,3
-1.0441811659650795,-2.026571260754292,4
0.1864974536924537,-1.7593855458352394,4
-0.41713981537614714,-1.2129883841321896,2
-1.3884910094104677,0.19683798849769868,1
-1.8901393943878824,1.3600861460373417,1
-0.7259512477208169,1.7642266204882733,1
-0.9151016494154776,1.6008364048910848,4
0.70886644010202,-2.0438058685552063,4
-1.3506522746620633,-0.17834556268908777,2
4.110081026412728,-0.843767585953414,3
-0.47065130617216683,-1.9886529601272969,4
-0.3101751394740134,-0.3137717282268393,4
-0.7728566839789937,2.797337074429278,4
3.671437728428313,-0.3613285575910616,3
-1.8082180065813083,0.5417790203831273,4
-2.0005659254076202,-1.7646368988243113,2
-0.9681818230678704,-0.5842020846539371,1
-0.9878874745722256,1.4977939290983004,4
-1.2786483647529026,-1.442802380232219,2
-0.323332800057613,2.653837134246273,4
-0.08125944811653436,1.1421197398540215,4
-1.5335635369226919,-3.13808135129194,4
-3.63203000304323,-2.630678879913747,2
-1.930788668704563,4.497963801937733,1
-0.7145903575639229,0.010800391209140767,4
1.2600568236237724,0.3098295150394309,4
3.5421905477380324,0.45097428770423914,3
0.5803404193496835,0.5417825266071233,4
0.4990372756061558,-2.778056548800722,4
-1.173483324747676,1.1070171169945395,4
-0.7684917515387759,-0.8250191150906792,4
2.1383075434883385,2.3729682566580967,3
-1.5859553557959392,-2.115050420780389,1
4.5785823081054176,-1.0352344250659167,3
-0.2773769370445815,-2.1657430327996363,4
3.736258460402577,-0.022491747914489435,3
-0.4295663991533894,-1.5316486471379518,4
-0.35258423922502785,2.0444896897533824,4
-0.2312514427381997,-1.0112823643716506,4
-1.2030361700293182,-0.7534627464316452,4
-1.0518915014164196,1.072631818388377,4
3.7186091205711955,5.3480496972844955,3
-0.400061913766187,0.5606321730085344,4
-0.8739708470470456,-0.24380546177634085,4
-1.6053872025345188,0.12661361063524432,2
-1.3797384666879091,-3.170514377472748,4
0.40648972261254934,0.5116097423109612,4
-1.851413844433099,0.15568955918545535,4
0.25118190368640164,4.025240490755171,1
4.115016516595359,0.8681660608086499,3
-0.49035718184896326,1.0923348512456086,4
-1.5019614807070474,-1.0353044860847913,1
-1.9607349304895176,1.7875378685213152,4
-1.7586333371166465,0.4789899284044563,4
-1.5256165564590842,1.8973879828036255,4
3.8430387516108344,-0.3306704391625036,3
-1.6137345293864431,-1.1593666275962762,2
-1.380714497593864,0.6292737806051016,1
-0.8304207500794474,0.5785980760946711,4
-1.8066229978964692,4.8154320879798425,1
-1.3238360681666668,-0.03411890253965379,1
-1.7215507619453498,0.4581155362612815,1
0.5803171158600775,0.09470522763842035,4
-0.7748115414339541,-3.0533483408978705,4
-3.277417584986954,7.17798582431486,1
-0.47246231021537416,-0.19424118387186182,1
-1.764802816764825,0.8941538339283273,1
-1.0206800877722586,1.9332931531112985,4
-0.6736253007453828,-1.0693888885250398,4
-0.01574109793287578,-1.1142011386189559,4
-1.2320355613911471,-0.4848779045938532,4
3.9730944938286323,0.11227753688973979,3
3.812316411575841,1.7545238026508156,3
-0.7343715344499083,-1.1282306368938828,4
-1.7943299234140127,-0.9616257316443625,4
-1.375483495087724,1.0450309318886333,4
-0.4660517386204573,0.9189100007886366,1
0.7577059333337939,-1.0038592513130298,4
-1.5390919228208535,-0.2962117944360909,1
-2.5625134449031988,0.07160453037712135,1
-0.7715619747702395,-1.0979748293882208,4
-1.6544965976278447,-0.06521600586269517,4
-0.291171687588073,0.958000093612565,4
-0.4551246401479009,-1.1256066227725938,4
-0.4671650079790817,-1.1554064131045085,4
4.403020107306965,-1.1743569229434232,3
-0.111411652868283,0.6411358831525894,4
-2.4106537339157383,-0.4318493129640902,1
-0.9380164392342735,-2.365262678137236,4
-1.4835866139791734,-0.8691167624109071,2
4.4894838666150845,-1.411632315716263,3
-0.396871869057467,0.08956325945350463,4
-1.2656432507666084,1.929733045549974,2
3.8470757848264348,-0.36827851348378216,3
4.090159280695052,0.3319563426977917,3
-1.0295944994703032,-0.9779996900226582,1
-0.4129552217973359,-0.7460316723121574,4
-1.250641536814139,-3.0287065868606424,4
-0.5380363068141953,-1.5621626962129422,4
-1.022929711562953,-1.435057390282103,4
0.06097188795130265,2.8396725396715223,1
0.6750515293718782,-2.388070157683353,2
-0.20667272109201104,0.4326293197710589,4
-1.4352741913639073,-2.0182877139151567,2
-1.1859195351301224,-1.8776085476300972,1
-0.7551645859676309,-1.529145848994217,4
-0.24376893466193483,0.29755560764452443,4
-1.1474105207065814,0.14454594309575697,4
-0.8094670812436695,1.3633610894971762,1
-1.568934831088061,-1.452973570438253,2
-1.1495767184383052,-0.3465551552035895,1
-0.7547453378200478,-1.5782312287040676,4
-0.6395815760276641,1.0303019540629603,1
-0.5738614877609725,-0.037569900263287916,4
-0.6590886476049462,1.7477532829518019,4
0.5588967955845208,0.7498829883552642,4
3.0539973495582475,1.354548452487249,3
-0.8897335712612703,-0.5662256726959896,4
-1.7234819557975316,-0.03492761220328735,1
-2.103263225125362,-0.22404028075226934,2
-2.0081736316809238,-0.43644016481173226,4
-1.0308302879799132,0.2383543487977832,4
-1.1367785291541532,0.9301304501648333,4
-2.3386232539753955,1.8930616164225047,4
-2.099755465549253,-0.10186595976679827,1
3.729324555526418,1.2573693430808708,3
-0.8586649629913187,-1.0968543479918742,2
-0.3464763891464252,-1.5067187533539712,4
-1.1505358968554917,3.1246594314851848,1
0.5745730953276572,-0.6788417818899288,4
-0.7432279971532946,-0.10678022775100203,4
-2.3046019684272925,0.19554005394548019,2
-0.9093383906882894,1.1556276926192888,1
-1.0762088757963064,-2.5536173410151632,4
-0.9516883580728264,-1.937105190053028,4
-1.5332283578761141,2.496039334673161,1
-0.770829030311181,1.692214705929749,1
-0.7012186456471435,-1.0160218899935687,4
-3.009460168444658,-0.3409153408741414,1
-0.6228276354856048,0.15939824465133032,4
-0.3918815968971583,2.28607894182097,1
0.404097015617967,-2.5842698702872866,4
-1.4959094635163221,-1.446240512056655,1
3.9770833642614902,0.32659409374353493,3
-0.6376016915677766,-1.102619689359384,4
-0.3112184073960395,-1.654450527393626,4
-2.7447492217266887,-0.399397962203004,1
-0.09684659046797695,0.6619860465982641,1
-0.46324081744244755,-0.6476886615354799,1
3.9067883686226454,-1.657263911854171,3
-0.7324782020290754,-2.0640713592030964,4
-0.6289645745185332,-1.298403528482195,4
0.913419286748764,-0.5765200082971339,4
-1.713837183050779,1.6857460481350852,1
-2.0674059580740605,1.4908008981551506,4
-0.9458963683034445,1.4100349462247257,4
0.1050535540980049,-2.5564178068008103,4
-1.253906171202837,1.0321893150724595,1
-1.6342908203818867,-3.1646508019583424,2
-0.4841366126455557,-0.2429714765366678,4
-2.018213624128865,-2.270971426441389,4
-0.353122288767698,1.7842610530501757,1
3.7008842697807913,0.5338046018891831,3
-2.3502231679872585,1.4628186465922688,1
0.49984419469914076,-0.41288424345095903,2
0.18191104053774573,-1.337377212601392,4
-0.4843086129822063,-0.25766022507450015,4
-0.30887060221733537,-1.0423799519138253,4
0.01532138311522966,-1.1298067699595793,1
-1.8072066259471542,2.5354216630840862,4
-0.5634811993259671,1.8831482818961471,4
-0.4157010270608528,0.10265721266907854,1
4.237641174163304,0.009074930921616856,3
4.024513645384238,1.5347761103648097,3
4.563419278677232,-2.552249336692508,3
-1.6365052741325694,-1.720312502213755,2
3.671466544284221,3.906146461103294,3
-0.8291370033653619,-0.0008434979292785096,4
-0.9114407179566989,-0.99519961019699,4
-2.0097145497966866,1.421293731764554,4
-0.6670782749095897,-2.262583687093775,4
-1.1970917304266937,2.7847871384024248,4
0.027109980886865056,0.4424998897990653,1
-1.7694706723836908,-0.5198903660550203,1
0.3102897508693601,0.3321243477235426,4
-1.4577170186565127,-2.0809983784584682,4
-0.48991877255013844,0.7374367760670497,4
-0.6208759324321116,-4.042349834598495,2
-1.4946240283145704,-0.7554113779719912,1
3.8696488763296335,1.0795817038259348,3
0.8347213277896804,-0.3207326368346647,4
-0.4401457746854021,0.8042018166390928,4
4.1114942404131805,-1.1831506277956425,3
-2.108515743163178,-1.8410499464495933,2
-2.256243511958515,-1.6404421419816289,1
-1.5183573267285044,1.1742621751970577,1
-0.1718425884619196,2.2460751214269536,4
-0.985153935175372,1.9142724352082041,1
-1.4229321857223116,-1.9256466332168372,4
-0.6446811247650927,-0.6441061949284423,4
-0.6540058537057157,-0.056703480168972774,4
-0.29177049386529585,-0.4485765200481153,1
-1.2962832154618205,1.2011699102737274,4
0.05570448514267263,-1.4202129818884455,4
-1.8343014759139773,-2.246335438428096,2
-1.1494456334706669,-0.4008716008826148,4
-0.034112933961800186,-0.6335791141034474,4
3.684365607290741,1.7077814184109243,3
0.18805906787859217,-0.321273429394938,4
-1.7095977980796722,5.501513791566929,1
0.9148528879991684,1.7498024084578212,4
-1.0587800026135588,2.309289523250582,4
3.794095021283133,-0.5618353270344404,3
0.036270149986560786,0.3627371063200835,4
1.148695798483777,0.4058841530051411,4
4.046502493512027,0.3683486287228014,3
-0.3583870647488634,-0.9002716232925068,4
-1.1753762514577748,-0.13755726511026029,4
3.281531636607231,1.2004752260281288,3
-0.48854202390261026,-0.3627404672969599,1
-0.06426847441720629,0.5009555994425653,4
3.8185387865859437,-0.5201667456212594,3
-0.052530682048254805,1.75603588368779,4
-0.8009347080160794,2.9075546848403677,2
-1.145117264740842,0.02162006762017246,4
-0.37630862427705375,0.9183265138039934,4
-1.37298848370757,1.0690791476787653,4
-1.4146221248790343,0.17698806017351473,2
-0.5809528664570764,0.6304230012438936,1
-1.7844900333722191,0.4441967886638554,1
-1.0326352045983014,0.25220536740052074,4
-2.072216126143655,0.865621692017632,2
-0.04506442803418833,-1.3540919658859918,4
4.517406352649006,-1.9185524594421537,3
-1.8841918846823549,-0.8466315604908666,4
-1.6756877825214949,-0.9960890777209183,4
-1.3531110254998984,0.4536922425378731,4
-1.2364582252114005,1.236142745549446,4
-0.4133577905167561,-0.010603833980203552,4
-1.472052430388098,-4.407378400220562,2
-0.08136870613227079,-2.1379359006247127,4
4.182923387834891,-0.8059071814137055,3
-0.9752967989796478,0.46337823795830446,4
-1.263993070480316,1.4173542412581093,1
0.19849696433214004,-0.2989943057395466,2
-0.18480556701827788,1.2073185321322852,4
3.485642513635863,3.022894295332038,3
-0.8723230194195496,0.5777667058114844,4
0.11658806951106895,1.4635195862564097,4
4.061246635257817,0.673423185381598,3
3.6936030276254534,3.810866530531748,3
-0.23126136973124528,0.49142007072715876,4
4.291195194279122,-0.8449218122566877,3
2.979585094887144,1.9777759507737054,3
-0.2366972713990548,-1.7518407086611585,4
-0.052044374965883,-0.8036931739965396,4
-0.2221082477265658,0.6636479452670186,4
-2.0255689405533475,0.4618083160740311,1
-1.1662028827722055,0.9656617366699156,1
-1.108266061481077,2.33544359258524,1
-0.3744633734423737,-0.07395603091870069,4
-1.217638052527833,1.2750732326118936,1
-1.0543281203288768,-0.7767438696550066,1
-1.910287954088272,1.735206561144634,2
-1.5188440483088532,-2.258147348190352,4
3.966917755949824,-0.8978885689406528,3
-0.6538186791652987,1.9052775520029823,1
-1.4788737887307242,-2.1520057789026503,2
-0.15232939595102574,-3.322700838246072,4
-1.7182024379142036,2.288777406869323,1
-0.40229994226683863,0.8647010099832141,4
-1.2872102909837202,-1.2076013849864744,4
-0.8966311409646255,1.5951864792786137,1
-1.698153610343775,0.16046274555694032,4
-0.8894311167405499,-1.0210254234659915,4
-1.051608349465966,2.918680117105901,4
-0.25029556119564284,0.8075230748246753,4
0.5480379996434078,-1.8576070727536222,4
-0.8431441297209662,-2.027096836800462,4
-0.5922104787816442,0.5638190931418526,4
-1.2829415179033872,-2.565483729954316,4
-2.138236957509273,-0.6713725107858811,4
-2.2507761820656147,-2.4408233526002405,2
-1.5030692067321567,-0.8617780607941172,4
-0.4231713521136571,0.21412009836551923,1
-1.0068416061953216,-2.271802966933993,4
0.03116351546794675,-1.7765486856050694,4
-0.9669749125082481,1.4593639463907777,4
-0.8934152379211426,1.4009310689190255,4
-0.8284452059061697,-0.6115215588608448,4
-1.1748641248083322,-1.7950688574820866,2
-0.4290786169138253,0.6049333410283206,4
3.87015312651158,1.390526368997158,3
3.5942705506330768,1.9187221599734088,3
-0.03036900950336381,-0.67890929920198,4
-0.7399126843648386,0.8720754060292603,1
-2.0324000524504897,2.9450859810818515,4
-0.3574643111763986,-1.8725335756898884,4
-0.3604231659653869,0.32278332000408233,4
1.4676797434039959,0.010588877549958497,3
0.28766371969406423,0.7235221591171289,4
-1.1333633014035078,-0.08586991071793358,1
-0.7220361379347466,1.7906282932769866,2
-1.000027527448373,-0.05960990060855642,4
-0.09113097381848756,-0.8716859827383655,4
3.929776752459376,0.03420448474268357,3
-1.3028111925000416,-1.9267030359693396,2
-0.07114276364437318,-1.4441301069575145,4
3.8968234595631346,-0.4200207827031979,3
3.6492536186643942,0.9259287627766979,3
3.666480203743601,-1.0069341990704275,3
4.490003832313295,-1.4445624717390382,3
3.8596818978424716,-0.2489246830863607,3
-0.9469975385353233,0.3085273529590858,4
-0.4149146334392869,2.99362818607736,4
0.1070520081710923,-1.3597720041461983,4
-0.5821496540990762,-1.2259484043593183,4
4.005947827768541,0.19338553814685766,3
-1.7256302993144954,1.0874095316459198,1
-1.3687953384017524,1.055287945006937,4
-2.522683599464204,1.2633083488925054,2
3.663289003030678,0.051834201493465355,3
-0.8841442765775792,-1.3553939802624144,2
-0.670584634698266,-0.33976529746854917,4
-1.0628905593693552,0.6804681012089229,1
-1.4231805146886312,3.0321440166326785,4
-1.0757006644370517,-1.8951890014445365,1
-2.1379958859611894,4.168974873004657,4
3.834977072201147,1.819562170375252,3
3.5800242472783164,0.13602875922028732,3
3.3121600580779833,-1.3777737145857687,3
-0.2284749438771271,-0.984884063108845,4
0.6077885126187648,0.009217493486124113,1
-0.0013781583677102405,-1.332433270099699,1
-0.6647416370290568,-0.2563582835840784,1
-0.6536528639207939,0.012490840842056632,4
3.9772935418374162,-0.12001323089029334,3
-0.529217875678817,-1.1022735674214736,4
-0.38521195392319324,1.5569372051498072,4
-0.678339113814883,0.9586197495496785,4
-0.6421638396634989,-0.9699011464234695,4
0.06295348737140108,0.3232605512874847,4
-1.5151703207996845,2.2546714564116477,1
3.762361231577063,0.1407818641628905,3
3.8617655149545755,1.2731021346030365,3
0.2841114535960053,-1.9420790057404806,4
-3.90957236119417,0.15117536681894186,2
-0.9129302495108753,-0.7676960662840185,4
-1.1421198585379255,1.3414512637923002,1
3.3672827494662316,1.6722201943159305,3
3.2056140713972487,3.0240710654992715,3
-1.5315332026556974,1.8458344748567264,1
-0.8408752197157665,2.1568122894636415,4
-0.4344377547272591,-1.8591121226921141,2
-2.774124703911176,0.0977814241481921,2
-0.8125464195380042,0.08676653947838663,4
-1.386455581738628,1.6342979339657386,4
-0.44767019127240176,-0.6773021310467973,4
-1.2570701660540857,1.5746848045993092,4
-0.5030013788572584,0.3512936829963342,4
-0.8334958752580849,1.681063431723796,4
-0.8251736620722471,-1.0228688372424761,4
-1.120251840101491,0.5691570460397245,1
0.26811569523297124,-1.7788567525281789,4
-0.39729110740800366,-2.917588490299104,4
-1.1634464753330123,3.122081034217198,4
-2.4630595941750593,-0.7148530385966234,1
4.327974692544624,-2.707748745355934,3
-1.333073936329948,0.5323184875087689,4
0.10245964291675637,-0.7771999769943941,2
-1.9180308261113566,-3.0419408930825385,2
-1.8255190826929453,-1.6951198666876826,4
4.022399029002073,1.5140457269883034,3
-1.4631711220349468,-2.815760174547992,2
-0.586320923796683,3.362250094004632,4
3.8614005993009233,0.07065060567917864,3
3.4635353518561773,-1.0732651872620191,3
0.37756994857528564,-0.7346092552558621,4
-1.606331351808631,-0.18004905318162132,1
-0.29476200144164894,0.15641064744751443,4
-2.001269893983872,0.2310613350615896,1
4.019670229915631,0.5531407365959771,3
-1.2206801625881356,-0.532159518450725,1
-0.5488756551196058,4.271306509294718,1
0.8869787874428382,-0.8432964406701102,4
-1.4927717087901007,0.9329099457404504,1
-1.3293065219824391,1.814015635167382,1
-1.6299701284845658,1.3638151547896156,2
3.9763188180670372,-0.6717063785510152,3
4.107816025615698,-0.7184680926047003,3
0.2061159616171601,3.017545336614824,4
-1.526794546435392,0.5208781561414474,4
-1.3555658556747947,1.4781423169617067,1
-1.0681808348401576,3.2475192841847247,2
-0.27815081006137965,0.2001110495794514,1
-0.3980427714065188,-3.6392488015424673,4
-0.05148403252588571,-1.6541029993003948,1
-1.5291795105596087,-2.5070855059636448,4
3.7196189789699416,-0.2510833218250254,3
0.7621069999540284,-1.4532734883021172,2
0.7765976370045123,0.5769226540103838,4
-0.8144689347567435,-1.5855837445070433,4
0.006474122324382025,0.14424051521216294,4
-1.733561063282087,-1.0319345721771693,2
-0.20919357037631894,0.7415452593185398,4
-0.6363183128317025,0.5851602867153198,4
-0.6276916856806803,-0.44660065288822365,4
3.970741438673098,0.6366909099685942,3
-0.19341709837443083,-2.5409515030001293,4
-1.0010277771587237,0.3557697290358233,4
-0.40887031192851037,-1.482172638263957,4
3.736376740503171,-1.4476168907910738,3
3.9969655129139543,-1.9925462716379334,3
3.8662777971787277,1.0675436086214343,3
-2.299221217261304,6.295722427064518,1
4.264600394910811,-0.6944026663415563,3
-1.8294823619444391,-1.97862878592861,1
-2.0776035880836967,-1.8582389123542409,1
-0.5175823330487965,3.2822814904649293,1
-0.3149340390617773,-1.2520470529378884,4
1.328283514400632,-1.3308319633977157,4
-0.5656772612373786,1.4215830079028327,4
-1.2548902636527108,4.429267931172556,1
-0.7537908561602363,2.5947578820439605,1
-0.3638966736232288,0.9112659246999442,1
-0.727629071665524,1.9654689984572484,1
-1.9037259945535692,-3.414462991332035,2
3.913460065133322,2.2636260062802567,3
-0.3460289698917794,-0.42591490136861193,1
0.5800328178809853,1.1256544677033056,4
0.0019827890387775354,-0.40468415683795295,4
-1.5459951426701322,3.3036833023455605,1
-1.8819043230787582,-0.37892439555539,1
-0.38094552219593014,1.3840076192697122,4
4.141254390702072,-1.0826392681297,3
-0.4924344312710725,-0.6799646510055335,4
-0.8329731643125919,-1.898741411111952,4
-0.8193847437660821,1.4930158683522354,1
4.036144419945791,1.035690599384271,3
3.934383369080705,0.797042598248958,3
-0.12806893964580535,-0.204156466271301,4
-0.27219282580373666,-0.1923796645970886,4
-1.7560342456707305,-2.8642726658157143,2
-0.9006143952080524,-0.6997506037594027,4
-1.2050313334186051,0.7636861628290302,2
-2.2852627985405274,0.44483120900784207,4
-1.1659162621929278,2.3076727738081577,4
-0.18558388009300508,-2.7759245636678305,2
4.519369200384137,-2.4750940543529443,3
-0.7119815158364515,0.5869987721636977,4
4.212835401732866,1.3561887828102634,3
-0.11300141005873066,-0.5652584042158088,4
4.051618278622124,0.8914747754319563,3
-1.7605495351005362,0.8269577307385076,1
0.6638602162244047,-1.3390332233078905,2
-1.2586470574855524,-0.4259742874635466,4
-0.22695126298437937,-1.697351285556538,1
-1.8752586144902825,-0.01966372453640358,4
-3.1241485168929883,-0.7036142695473881,2
-0.046069121957311526,-3.0751645003384978,4
0.046457181993478903,1.1427528069055817,4
-2.3895174191367476,-2.9885254262492276,2
-1.97142627340248,-0.993750040195574,2
-0.3867895223261112,0.9237597244277082,4
-0.884472625376622,-3.3564596578828,4
-1.8434684698760575,-0.1365580727383541,2
-2.0523273542699614,0.37067014281300736,1
4.3655995940776435,-1.327856586699184,3
-1.947044851352771,-0.9847492761257386,2
-1.1298423823654629,1.8094709867105956,4
0.13242515833238083,-1.649551806848629,4
4.081631984449671,-0.6382606312610154,3
-1.1832909541296652,-1.807418840370967,4
-2.474112834019211,-0.6597170480710509,1
3.8173923781511094,2.14934993554316,3
-1.2474094925789982,-1.8866776617098688,1
4.057260034689128,-2.122753189461582,3
-0.10384283953818244,1.2959223327568559,4
-0.35147815638628116,1.8725113866842729,4
-1.6504845632816847,-1.902101578622528,2
0.40761047495580766,0.36798032632792793,1
-0.8591101158146098,-2.5492337145717134,4
3.8951573895775495,-0.3224317218451085,3
3.9047005560087378,-0.9014079581665313,3
-0.0013251292884297258,-0.4380776112529125,4
-1.0605915308411313,2.104099179972612,4
-0.9636458840323041,0.898088825360266,4
3.3760650341031306,-0.7051686030207248,3
-0.9256545371306248,-0.7048751376566498,1
-1.2822741308449337,0.09523490092100016,1
-1.2886606897627844,-0.6138478284950531,4
-1.212204477467319,-1.3711811988446387,4
-0.0902118600198049,-3.079749021623271,4
0.5512356678176413,-0.39239510833310304,4
-1.7657725290423503,-1.9858758748488359,2
3.702214656914121,1.017162254244959,3
-0.474404734531793,4.094329136206466,4
4.114399107318622,-0.8176544408468347,3
-0.7614073095490738,0.2878294951304584,4
4.137235902877796,0.3773865251100309,3
-1.897488861187639,-1.1286301166673034,4
-0.2683872376532542,-0.9544735412528033,1
0.5711458719653889,1.0203948539977106,4
-1.3269359428328669,2.58735465303233,1
-0.27233748216010845,-0.5081766293940576,4
0.17842132323711843,3.047250767133456,4
4.415393147143321,-2.2960461950721545,3
-2.70501727365423,0.09805268377538845,1
0.8315388436860524,1.2131375826524218,4
-1.149282425139278,-0.8862352476979725,1
-1.439558202894233,-2.974104167824966,2
-1.2075264436855486,-2.3469263246651124,1
-0.9194419967306006,-0.2513425661313125,1
-1.6770487067836153,1.414406502483828,1
-2.700778464777127,-0.11964208810687671,4
-1.5435246289199973,2.434772622115686,1
-0.6324068483619917,1.1085694674579432,1
-0.4654190339485659,0.611213972636934,4
-0.4737862959945422,2.620965516380013,4
-1.4202914297088833,2.3397234088487338,1
-0.8176811199429774,0.9447024640197371,4
0.6627961363249647,2.28765451745042,4
0.019132314136856808,-1.5413005147307832,4
3.52447297968926,1.163423388828081,3
-0.10830817253946384,-2.4417933908552465,4
-0.582237428170095,-0.8247386182666122,4
-2.3515304386037656,0.1607308380261659,2
1.0916862548117465,-0.03429435357885915,4
-1.9105570969729457,0.19479478417721782,1
4.01559829500997,0.8285377829381463,3
1.2782669457644495,-2.6687061078950642,4
-0.17476377275902677,-2.423685381103034,1
-0.5926364094945521,-0.1451636481532568,1
-0.5693505548261414,-1.8100712474957952,2
-0.3226960705447262,4.693455872126021,1
-0.22546688872872686,-1.4434858502844143,4
-1.082314531794283,0.042039247387930134,4
4.378367447522611,-0.5206885253643339,3
-1.0311079811455615,3.083146942501738,1
-0.5027931627815946,-2.4436544095079955,4
-1.9746522610675157,0.11751606959578904,1
3.604553734719057,6.1545157067035,3
0.7533105930493643,-1.5082433667686344,4
-0.9578997096711811,0.09630921495359426,4
-1.0916081204059238,2.3869910329714776,4
3.7467368101030183,-0.38142297995977986,3
-2.5228293858475546,0.807624485200812,2
-0.2255443864185394,-1.2594761456300045,4
-0.6179045611098953,3.617301883171239,1
0.05795633577138261,1.9592256702575077,4
-0.12105359384696072,-0.8430754395418286,1
-1.5082707949340926,2.90893103419037,4
3.903276589189227,-0.3375036751207981,3
0.3385883117051051,2.6784484481630635,2
0.021046884699640375,1.9248791262639522,4
-1.3136873457360536,-0.8382426034145938,1
4.193817654731245,-1.3827105391449135,3
-2.4510999000483067,1.877302057322715,2
-0.4342807118442587,0.17678227473673755,1
-0.5721566646737953,0.35328064590318553,4
4.436987345689294,-0.9771894827187123,3
0.12831061111360445,0.08298538487143409,4
-0.9876603010579404,-0.6551573565154271,4
-0.9439546126095039,0.44636076196054664,4
-1.1247011314908057,-1.2584945097012548,4
0.7433888937287357,0.05947049733204568,4
0.025340751745758595,-0.10672957968416977,4
-0.5744444011277305,-0.1409691154121005,1
-1.9387329382496183,1.7674663812654037,4
1.2913302358853342,1.6053103582810833,4
3.503862149043727,0.9777301013795434,3
-2.007457874005618,3.35370416065577,4
-1.163570105078459,0.7259260872692762,4
4.4259229631879995,-0.6282384434719186,3
3.7751580808296814,1.2688473428339213,3
0.07200352463887799,0.25644259304307054,4
-0.49631440092968326,-0.21662445434768876,4
3.951378668167481,-0.6417162211664138,3
-0.47067926946549266,0.3446638418612608,4
-0.7546861324207967,0.5740368076875845,1
-1.204174817487523,2.1291193965793966,2
-1.7150522262788466,-1.7881411922328274,4
-0.7630033282136193,-0.08376782661887447,4
0.1165769849611601,0.07615541965937352,4
3.959550198302496,1.590212369641687,3
-0.5177490579157432,1.993835324787238,4
-2.731402992393315,2.734522512901084,1
0.07115838602263568,-1.6970131436562317,4
0.1755572453472828,3.4678901713211663,4
-2.202727067230749,1.3507777922829272,2
-1.5126030738378082,3.2102217466661447,1
-0.7189463442597429,-1.3508749170542254,4
-0.8476981292099377,-0.8276031649971411,4
-1.8544996001173681,0.5289484743000256,1
-0.6925739899878799,-0.9767520193892735,1
3.015749792281347,3.0724068857177005,3
-0.8941022258154606,-1.0326489775960361,4
-1.5374229962242352,-0.6729711354185594,4
0.7124436648330118,-0.9065853925898749,4
-0.7623818640054382,-1.7865598908552132,4
-2.413967793862137,1.610427178801277,4
-0.6724193090656918,0.376273109300038,4
4.200272333314749,1.1497720197364045,3
-2.3425832276946874,-0.38521332767539745,1
-1.978741193720382,1.2732187486824282,2
0.3096488120916566,-0.8652070023202736,4
3.5894497674857746,1.2144191317474757,3
-1.5032780128448355,-0.01954647920569281,4
0.6207158137244356,0.10707024440792076,4
-1.2593445806671177,2.0016026810672654,1
-1.7168933478759665,-3.4800543868338103,4
-0.5571294752705426,1.268254485771711,4
4.604202155124568,-2.1943113391638533,3
4.21203588417194,-1.2128915410751748,3
-0.8778758415287599,0.7585552044716687,1
3.4769375183320643,1.4703958495488538,3
4.164916012642312,1.0170375770803997,3
-1.2438928192282905,0.3612402369868195,4
-0.11014065132299168,0.8657157168115103,4
3.614123268287922,1.1726841210245937,3
-1.4818407259713402,0.21989987818803897,4
4.058205357933252,0.21193345290925222,3
-0.7030588348227957,-1.5119913067388635,4
-0.028247746803205753,-0.7601097884590797,4
-0.9504222515467116,-0.30822326703938746,4
0.04585116816714315,-0.6476061346533284,4
-1.4536397890020805,-1.0316032361525598,4
-1.761373974720572,3.742800649383059,4
-0.805365515304719,-1.6278929437697605,1
3.791159696523588,1.1045983882924424,3
-0.31579656153909996,1.2782808695717893,1
-0.4343120086570512,1.4481305656435812,4
-0.37179859217657624,1.26290774178785,1
-0.7513204437004953,1.7500626689022127,1
-0.2784805995243985,2.0319365426147664,4
3.8981803540701345,1.2450230845358907,3
0.263506825697215,-0.3540663095674522,4
-1.275196205746158,4.192644815017075,4
-1.2172669857766953,-0.4212249160646546,4
4.4858929476853,-0.058155273551536435,3
-0.6671680248723307,-1.2179317946984487,4
3.291360167418029,2.0339784830059995,3
-0.45158969920096714,-1.6461750060471254,4
-0.2925244641640133,-0.18353899531503728,4
-0.01811865746761914,1.1332224026667157,4
-1.5058404574460875,-2.743514935918436,2
4.610771744892342,-1.070218176342899,3
0.12820884364098392,-0.5731898424592228,4
-2.888989457110875,-0.7050590007623861,2
0.7607582896215284,-0.12939374775344972,1
-1.1501857412446672,0.9061356773013061,4
-0.09295924478899943,2.9691194546774904,4
-0.2917095961516832,1.243444360067247,4
-0.6856076065439998,-0.5327386956434907,1
4.226449603472729,-1.4491546970390683,3
0.23459085200576718,-0.37242312807019934,4
-2.1919069874488355,2.31634861815339,2
-1.646666706210018,-1.2538828139852776,4
0.625476976975862,0.7859946810829598,2
-2.359625713038789,1.7093883966736187,1
-1.5497214776580508,-0.5426524258673807,1
-1.9304440390019657,2.5207865581193087,1
-0.9994038757347999,0.09788957833550203,2
-2.532232972733409,-0.9644445451482305,4
-0.013623485438844878,-0.5571098751491464,1
-2.0393804854783664,-1.5872150222270618,1
-3.083983299005377,3.19495481794216,4
-0.08926284078220832,-1.4097474392299787,4
-3.1137794508367804,-0.5265567004524374,2
-0.21367636351932015,-1.778459151675708,4
4.008000882505242,-1.256907940936179,3
-0.42897376245697477,0.3827814290358307,4
-2.357684009134013,-0.46300132880991324,2
-1.2581083835572127,-2.823826859139278,4
-0.16431948556946022,-1.838758878569783,4
3.9006010544472485,2.1041912677968657,3
-0.8528225674883924,-1.452538360707047,1
-0.48590391705182007,0.0847850206870522,4
-1.3403849078906074,-1.2370539429395941,4
-0.9254531381541724,-2.9134685619169782,2
-2.507532920587506,-0.05467261791251262,4
3.605542472111099,0.4762710667349044,3
-0.6916139616172009,0.09168867824177428,2
-1.1923642501476184,-0.3695686199017519,1
-2.033004456520786,0.5667226004294602,4
-1.0038472777407141,-0.09070179718863856,4
-1.9019722992305024,-2.0102185433431337,4
-2.05837178459082,-0.6244889683750392,2
4.547475615572036,-1.5795645357112162,3
-1.2166080242797994,0.2661969741243538,1
-0.9604806010753529,-0.4070375849383681,1
-0.40072007103630775,-2.5605521486998306,2
-0.7150672365783441,2.5806506340192947,4
-0.5167685497826251,-0.6627030976717043,4
-0.09271553117692882,0.47479142471582747,4
4.170204858480623,0.07396202229707893,3
0.7061173211635363,-1.1001574279559434,1
0.8885434869617631,0.38062448087680534,4
-1.0205940988567606,0.18486315124682853,1
4.59452593114458,-0.8350160924985641,3
3.9871618101337503,-1.25433608247237,3
-0.7980908742136089,-2.6244124692140933,4
-2.2337955576968165,2.748114972918228,1
-0.6739376268113321,-0.5718944149971371,4
3.5918510553083105,0.46154743374816637,3
-0.3688290947682328,-1.4656065280194992,4
-1.9309055967551059,-1.4357071518506863,4
-2.6068782468971143,-2.823000838472035,2
-0.30041442553188347,-2.513091327234206,4
-0.5110956215847268,0.6010949980658001,4
0.20419496532695627,0.6107161069867426,1
3.8297908345529894,2.4901709723355987,3
3.4660341367503595,8.389707053251366,3
4.2183324984382375,-1.8363033508667328,3
4.121418907931143,-0.35523821675782047,3
1.5840277415852502,1.774351141363917,3
3.8094235943162587,2.4246948322437354,3
-1.3630701800840583,-0.18074414764501548,1
-0.049394849617370125,-2.4204991879796784,4
4.285601227437675,-1.5058780095375792,3
-1.1894257249174824,-0.5828275468841304,1
3.226029384002356,0.4258133787696631,3
3.8122526742496303,-3.005703414662885,3
-1.5093137222344635,1.003242033358109,4
-0.7137259029813577,0.5501941104843919,4
-0.37565180519892527,0.4248760034960797,4
0.3186216361261048,-1.2449624945724314,2
-2.2389561571186705,3.9444006300825167,2
-1.0281003632560393,2.431785713766329,1
-1.391662933294474,-0.15188758186151283,1
4.1766901179139415,-0.025634888817671387,3
-1.3159004741898264,1.7337439457234431,4
-0.06899995908179292,-3.6031543853315964,4
-1.5293776080869383,2.501043183370766,1
3.498538789577083,1.2725856847181463,3
4.188585859220626,-1.0884857733886408,3
-1.3015034350942754,-0.7259907297602124,4
-1.3308490868295395,0.9319906413081344,1
-0.9631083080576515,-1.7569327499360685,2
-1.3557516696234173,-0.8050081018426365,4
-1.5666166721771178,0.9127943136028553,1
-0.5030527630407393,-1.4721610393793096,4
-1.5670534296906369,-0.3626069515416078,1
-0.17108295713935015,-0.24205009064891136,1
-0.35725736430894434,0.6359441947358248,4
-1.2906715083914309,-0.12277758272348681,4
0.5229561353865317,0.4012412482602487,4
-0.4123961157667385,-0.1014606677743882,4
-0.20681426273600498,2.243837987832903,1
0.4131240701161028,-1.8794879907125075,4
-0.16523051292943286,-0.12251678224616469,4
1.0481261824842607,1.3905513283262518,4
-0.5906331715679835,-2.7191950820713955,4
-1.240988757891568,-3.660122173359827,2
0.08127277433126204,-2.0663272366681564,4
-0.6566767620247791,0.7457962801343002,4
-0.5959060174596388,1.452447304536174,4
-1.5280189087183589,-0.06155366593786739,2
-0.8359269101657876,-2.5350522922859904,2
3.90753973922345,2.452646371377272,3
3.8677046518369993,-0.9015067448390416,3
-0.5227905795109483,-0.6687160944345875,4
-1.151424962977755,-0.12534136401780438,2
-0.6996512131903303,-0.4653084839123919,1
0.17779810503825272,0.05198346173601014,4
3.4351488557708403,1.6151421077477321,3
-1.7307514665090564,-0.019350428448154332,4
-0.3173123050436929,1.3605402600624583,1
0.18672351818704097,-1.2598738927646862,4
-0.24660433954541047,1.845017384509309,4
-1.0629682387751762,-0.4326717652599465,4
-0.4208751816118767,1.6148654249399859,4
0.7114500584729234,1.2684445910549917,4
4.009409572161051,-0.9745883189113913,3
-2.3317206215502493,2.2203623770547165,1
-1.2217997183179623,-0.8595924143462235,2
-1.3465965894429235,2.2381013311401796,4
-1.9646755299824328,-0.66966786417592,2
0.5175857092099347,0.6090341807426111,4
-0.626133092014835,0.900862988444015,4
-1.272424140600218,-3.4996204232834094,2
-1.0465035199547388,1.7573292954312096,1
-0.6318734490582024,2.612383109376094,4
-1.7807826902031834,5.2316446667297525,1
4.188163216046192,0.9042303300827779,3
-1.4501288526855927,4.3418651705022056,1
-0.9605932169411262,-1.3275017340228272,4
-0.6743344909599395,0.19133836238951635,4
-0.7022019754810336,2.2155763251271536,4
-1.5262031324082608,-2.589883326429555,4
4.223022152469786,-1.7170804450557615,3
-0.39804912043972857,-2.045824775594052,4
-2.334653199602723,-0.1322280031551278,1
-2.237943232409907,1.3559028381427933,1
-0.7017892336855658,1.6634036605972202,4
0.9056046592201683,0.6741439255397168,4
-0.043732805034523245,-0.7384417690884647,4
-0.4490739678297016,-0.3545259899032464,4
0.14500768679598228,1.0438903081183075,4
-0.6233503436712123,2.7807382427245995,1
-0.37543002904778394,3.5284087570850686,4
-2.172559656557308,-1.9859581834285194,2
-0.08291228702247072,5.119307662054902,4
-0.20845747103857637,-2.2048662838562256,4
-1.486581552508339,-0.5327370745588891,1
4.137714572436927,-0.02485202523481409,3
-2.643439688098065,2.05349586932218,2
-0.34306867096785987,1.3323929457731565,4
-0.6865669520066214,-0.17629709536321886,4
-0.4012847175787053,0.933601880701959,4
-1.4672335941335959,0.9838432381321442,4
-1.8631276675665613,-0.6974066835347127,1
-1.6144566322149572,1.0240268623398758,4
-1.924772037812437,-0.7845108368952622,2
1.3442526504699732,-2.411174579419767,4
-2.209885619421331,0.920919637899102,4
-0.6233518501801975,-0.8750789973264378,2
0.9273336935326928,-1.2702398306330345,1
3.7023402554265608,-0.394362605760522,3
-1.1261861050514588,-1.7209553497753556,4
-1.6318708053952669,-0.43061388772956616,1
4.093973667845241,-0.8449870016432482,3
-0.25288496335161936,-0.6068017984986466,4
0.07032438350249914,-2.5459387724603126,4
-0.9718591668847716,0.25241659984606246,1
-0.5738788047474671,0.7719706905318425,1
-0.23410321428747619,0.1688905195062515,4
-1.3751380754370202,3.3559535184456624,4
-0.5265268708683196,0.2746926690502917,1
0.3954714267973642,-2.294837670504861,1
-0.9747677401960274,-0.17832344949478945,4
4.060338781003256,0.5558089131197888,3
0.480872260625381,1.2657435299088213,1
4.202760777030297,0.917071353858977,3
-0.7818902927417679,0.6285650689180547,4
-0.9036551729944058,1.0294259705047726,1
-0.14160857881595895,1.8883667044553374,4
0.4513619836427897,0.3518207497010401,4
0.9358392562853629,-1.643232199699093,4
-1.0120656240757893,-1.5847753504930544,2
-1.8036598397170571,1.4355038616418638,2
4.131974955976691,-0.29228814092265193,3
4.081512914563992,0.3397150176454998,3
0.16019246379382987,0.3465653296888107,4
-1.6973613206539926,0.6211669007516704,4
-2.6130546524784806,0.7244402752296898,2
-0.9218965922603425,-1.3422315158720064,1
-0.7335121062894749,1.2529073224350455,4
-2.313638990904809,1.245282414074703,1
-1.5084954810897724,-0.5244821814663677,2
3.8606485986944796,1.383729875688385,3
-0.9112116138302435,-3.502618081486527,4
-0.3874638134456306,1.007393349373599,4
-0.3244043316051712,-0.6879059948343411,4
4.210672852689767,-1.7667212253917826,3
3.926362794063415,2.831768347478245,3
-0.7959839818113129,0.603601517851331,1
-1.4829583455655688,1.606306284380623,4
2.9428107834310406,1.4209668229201755,3
-0.9940329422862002,-0.2758478951921273,4
-2.30934899174406,0.42970546287131733,1
-0.690305381041325,-1.5393223721380827,4
4.01894805948732,-0.7075073387654358,3
-1.1020863432376522,0.07463307013527563,4
4.00624780638307,-0.3246993329024063,3
-2.254095257748477,-2.9049787405189154,4
-1.9421217285711798,-2.4011651484831824,4
-2.049079001227155,-0.040310533253220246,1
3.678757057666813,3.2791796207776915,3
3.9591183770081035,3.528900331757962,3
-0.9147066665652045,-1.0414191155165406,4
-1.6041698537621834,-0.2893478129850773,2
-0.11818691114737924,-1.0466847364366727,4
-0.7662314810716908,-1.106497067827642,1
-0.543848727845229,1.8567494506223325,1
3.9751200248559546,-2.0700169675228453,3
4.494420424076805,-2.6951591243101354,3
-0.14022452121061849,-1.7562912375420787,4
3.928054037751598,-1.1705141286389202,3
-1.4877346364618718,-1.6053953585110454,1
-0.6890766091536736,-0.8016183678587152,4
-0.43880821338331444,2.9618293698186147,4
-1.3870107663119449,2.1546400512267394,4
3.4944690598114914,0.2178695155567263,3
-1.5894106200114761,-2.7324955438449856,2
3.67931091792082,0.6383514850438333,3
-0.6171020620245412,-4.262216380515256,2
-0.6674592317434,1.0189696607957721,1
-0.5594736923482645,0.8219962706872813,1
4.179383190199866,-1.2850424379746646,3
-2.980249016036156,4.029016040556208,1
-0.06299563085770274,3.9378132037835907,4
4.184978187919712,-0.5345921015693116,3
3.8222613290892755,0.7795108282909013,3
-1.3340440683766213,-1.2383072225067073,4
3.9347305889212665,0.1895921116685391,3
-0.514461432677354,-2.033625910659317,4
-1.6904185232610598,-0.11721971048327672,4
-0.9037135031493999,-0.6343288405988464,4
-1.0452620376380621,-2.34954685690135,4
-0.2922532339850246,-1.3960735513613332,4
4.164597433913558,-0.2658187029810188,3
-1.5685745498181622,1.068370832202941,2
0.3242537063564156,2.63270934988372,4
-1.184789825345789,0.4386065566903245,1
-0.13169907777317585,-0.4579612481771932,4
-1.423008008030399,1.9302729866953852,4
-0.17309165495280945,2.4420259462288527,1
3.961733971245703,1.8071010176424074,3
-0.6452673673915252,-2.0015029315480293,2
-1.4171518021679759,-3.308234551617449,2
-1.396229105969575,-1.3524774584502994,4
-1.272774748471556,0.28730854795624544,1
-1.7358219228575928,4.759612330885738,1
-1.1663178775926504,3.121730985228958,4
-0.7140710845411455,-1.6233448503741195,4
-1.446545384085609,-3.130643898535809,2
-1.0717168208539902,4.007542344067651,1
3.8495904989874976,0.7201519594536117,3
-1.6218995440097181,2.90298160997496,1
-0.9642498019856356,-2.4672761148589033,4
-0.20344496610691692,-2.00063084621687,4
-0.3427649476769013,1.5671755098582592,4
-0.5562911309851503,-1.5908468666093172,4
-0.5231618850507453,-0.3493274946890713,2
-2.9678844760441696,2.1739610151110216,1
-1.8874102221502105,0.7651872295861754,4
0.1672856043506899,-0.13404059422966327,4
3.938161397857523,2.095742233221623,3
-1.2120955615636493,0.4962493151969134,4
-1.9914680367773159,-1.5578985353791794,2
-2.105853298202807,3.3388774190454327,1
-0.7243982968119491,1.471878460841773,4
-1.3497080069761807,-0.1851235901876563,1
0.555245837529045,-2.0797994879845834,4
-1.919203260479778,0.3413010489894001,1
-0.15786578662471976,0.6156165164221442,4
3.952076932559889,1.0030984598605532,3
-1.9629630822156812,-1.9956733425896342,2
0.8584218792012311,-0.8895133715250341,1
-1.1451788869059978,1.819127708361331,4
-1.1208786422359986,-1.7862166599429807,4
-1.3296595583412165,0.41286644739726547,1
-1.4433531280923317,1.9643747910731901,1
-0.7888519917316602,0.7255121016347168,1
-1.9833557312233898,-1.04679737564272,4
-1.153173196330474,-1.4531580952954009,2
-1.9221537783110165,-1.152074136648937,4
-1.3406799911499996,-0.651053226550023,2
0.24021220480223746,-0.5355882399042042,4
0.7049142135994801,-0.6582768533041503,4
-2.112148303153659,-1.5294131406173335,2
-0.15717254127801883,0.6939541201385319,4
-0.5879951570710783,2.982760605069904,4
0.9464119931029734,2.6376398416937996,4
-1.8248975616466718,-2.176975778905488,1
-1.9518198797972357,5.04139422839378,1
-0.3106094502878567,-1.5967445044412654,4
-0.8766288999488888,0.13519075978983347,1
-1.9633997546140254,-0.7654190797383182,1
3.6405509107828027,-0.29443472710123547,3
-1.2694496717631882,3.2438851926917405,1
-1.5345741345052335,0.33662781612798204,4
4.184412287690895,-1.808270241873644,3
-2.06723189377838,-0.26704293339477825,4
-2.048839462849281,0.8413700484679153,4
-1.525884103164751,1.3708551854041022,4
-0.3815120959499096,2.3121778401098925,4
-0.43349145165822206,0.8807972619545511,4
-0.13052426014065147,0.2088955017160284,1
4.482089043812435,-0.48095267508399714,3
-0.2280762704825618,-0.8064577325994157,4
-1.5810653683529878,-1.429299872098326,2
-2.365171091297395,2.034371430392132,1
-0.35605417260022204,-1.3089680042237688,4
3.8267221169904655,-1.0706259876776179,3
3.5438108753065864,1.635093358826064,3
-2.517058130024243,3.68729687662295,1
4.2520199469819975,0.9015713149907808,3
-0.3327415267235988,2.5117037814456915,4
4.0767998696588945,0.8258265507743826,3
-2.0191859930114826,-1.8809915126518895,4
-0.8704129324739539,1.9555857224336837,4
-2.2919211417728627,-0.1302762430703824,2
-1.4895458547427765,-3.0630492734098183,2
0.588934716538265,2.386268689477472,4
3.900606217224307,1.6381539157909524,3
-1.4145524732470764,0.3043427398432323,1
-1.1128856353607322,5.630414563635901,4
4.17376979980528,0.4593349011958205,3
-0.3031622399039401,-1.1222893565805343,4
-1.7247408600802352,0.006316098829747073,4
-2.3562988889365526,0.489543708617342,4
-1.2493867498245863,3.5652783667258556,4
0.11653967258125338,-0.2920983984822042,4
-0.2784393887692093,1.9136543355570388,4
3.8895505429887707,-1.3796083276341513,3
3.8069652120884463,0.3952865002308789,3
-1.753675266852971,-0.9365002732121006,4
-1.0962492846462033,2.3062281995052185,1
-2.4449717734927443,2.5936142632335693,1
-1.5922300828082525,0.8502668837437269,2
-0.41584443688382633,3.155637567163736,4
-0.18049338848269333,-1.8544855758353707,4
-1.0050581448012001,0.3726797412799365,1
-1.2026909849253533,-0.8858535127150651,4
-0.159520496383481,-0.8272749754329939,4
-0.6472572727431688,-3.192413720251997,4
3.8940414445999587,-0.4470258981498961,3
-0.4021071767734435,1.008676593656665,4
0.2684227167064919,-1.0284023746469553,1
-2.7937874954837025,0.8187566378419896,1
1.185677131242606,-0.21451113423583423,4
-0.8201842121573474,-2.15273450341945,4
-1.4356378733203294,-2.5545212197429157,2
-1.5719367890088094,-1.4654619886974327,1
-0.5723779996945557,-0.9525803978417922,4
3.311758923212292,-1.566935039471356,3
-2.2885138988955,-1.068329746311196,1
-1.0621752770200712,-1.1579308832379407,1
-0.5438753613136904,-0.11320407124986803,4
-1.2755377092619153,-1.5044093612550555,4
-0.6580820737855022,0.5342343099288241,4
-2.1276303541716257,-0.8396589729132028,2
-1.5684823689757985,-1.4201295840302233,1
-2.5209968189426526,-2.7412286379864303,2
-2.3237394884315794,0.6927969486314822,1
0.6005044760055663,1.4003106197375077,4
-0.1454181995173224,-2.073460724041135,4
-0.47962756267292256,1.3027318947139643,4
-1.4068011869477497,3.0232503502667134,1
-1.375086246457779,-2.7232882131842584,4
-0.9379065017723632,-0.9395633189060794,4
-2.014328688733771,-2.0098579990894887,2
-0.6283057495068557,-3.928209301248112,2
-0.5561780853333906,-2.7427780954639793,2
-1.2620212506750592,5.42963139371459,1
-1.0368691480387267,2.622873455881896,4
0.1499878393410724,-1.8307434716804958,4
-1.4462760385077669,2.0069505118962168,4
-0.6978346473159988,3.2483256664934843,4
-0.24034588644329327,-2.555088989128082,4
0.8453309873170247,2.0836094678464567,1
-1.1357933490503185,-4.683531492939676,2
-0.06621885525001696,-1.5669918577832547,4
3.9649980956919624,1.4284551072124534,3
3.80986029329617,-0.03721063421471951,3
-1.0976009131148332,0.5671593188887745,1
-1.1138749004849522,-0.03760313738428785,2
-2.2420843797352603,0.6500355665641266,1
-1.0418490925435637,0.6961131858765589,1
3.729032738354807,1.432436938883288,3
-0.16878672758093838,-0.5967822362100217,4
3.6118973145192683,2.9309450285406644,3
-0.2001821022656174,-0.866484036818808,4
-0.2717434553405107,-0.4920832016315374,1
-1.8954234553193052,-1.7470984180846112,2
-0.956486236644331,-0.0975042751283539,4
-2.005904079987108,-1.1824804882951032,2
3.594264061891698,-0.019241304527941025,3
0.1564026288661797,-2.2739237342448955,4
3.977941225087893,-0.9054849205649874,3
-1.0749249338274347,0.19530244238032196,1
-0.8103705538168124,-0.424789653444075,4
-0.8249686795161142,-0.14390263748309887,4
-0.4906759676591548,-2.5723106487116736,4
0.5836895773166642,0.10085564578036647,4
-0.8453306611919037,1.6350438927983397,4
-0.8439611736845245,-0.9078780438542811,4
-2.461096057308648,2.102810858477798,1
3.8740465885812942,-1.032278289124044,3
4.479946817085257,-1.0792999926173277,3
-0.846282843808093,2.8258207774007125,1
-1.0471814003127942,2.802926295347043,4
-1.158762670452705,1.569807284273252,1
-2.329469445114809,1.7873624915899493,1
-1.2085173051646318,-4.469215081117498,2
3.7574271545220523,2.3519416452884725,3
-1.9382694241375933,-0.7972857577972213,2
3.7548337177966595,1.1554551348183963,3
4.125182935008272,1.0058093640367085,3
-0.010439355585259298,-0.5043261163956785,2
-0.1253652067224872,-1.1653055704353883,4
-0.23166405236030713,2.5833802701649233,4
-1.048771478635118,-1.187659367922729,1
-2.1590709382659328,2.313534241195334,4
4.144284603440836,0.4067450288658985,3
-0.22146440510602555,-2.836534195688798,1
-0.12556053297789915,-2.681192122435803,4
-2.205146319976103,1.3826638627502321,2
4.333074736490645,-1.5203362529507727,3
-1.8402646376293113,-0.9539660767384225,4
-0.5661406722610818,-0.16089570488243338,4
4.320580511596953,-1.9208420808427435,3
-1.0932202076626076,-1.7284919072254057,4
-1.2137317177794644,-3.140321130888287,4
-0.4683327168915405,-0.6061360367979876,4
0.08544709518589622,0.8472898976685156,4
-1.5482255700756453,0.6101928508189625,4
0.13177435540728674,0.5416086467696194,1
-1.0458383505034783,-1.219811724136382,4
3.9746224507489525,-1.3608931256660253,3
-1.8978719396657568,-1.6826568327644087,4
2.983944217723668,1.3830653802400337,3
-0.9456945068679742,-3.1574618672463237,2
-1.975521279796769,-2.61666122177121,2
-2.2947018968977235,-2.7424546117200457,2
-1.4218121439754816,-0.8473622908326668,4
-0.15987429601864053,0.05086547182923946,4
-0.27166291841372653,1.9840455507945336,4
-1.3075068603483424,0.0032613652623951443,1
-3.083129600438653,0.9822682035129771,2
-0.5612207508478685,2.245325182873148,4
-1.3709817281107666,-1.219633559250009,4
-2.0131424167758913,-0.3179664595411443,4
-0.8605823752149695,-0.5493858044597995,4
4.01866172012463,-2.29119068472197,3
4.179630807104632,-0.07308320523227457,3
0.4825884217064423,-1.814834983353398,4
-1.5568734891741631,-1.1848507545772997,2
-0.1361362598402063,1.1499614693446458,4
-0.2516432846128733,-2.02718489021254,4
0.5022286666936032,1.8488611652875007,4
-1.0871438995063067,-1.7729415045322068,1
-0.28768516720487103,2.2880632985751777,1
-1.1130160959751956,3.124675785835634,1
0.3096417343319088,0.8782329799099704,4
-2.1084721068740966,0.7334282884149057,4
-0.28109892143327647,-0.1415971449876914,4
0.1737305033188971,-0.3778961356813472,4
-0.6159440178600509,-1.060761781060222,1
-2.006788296811045,-1.320548967200984,1
3.5070549055905875,2.648839157602234,3
-1.1024156186159657,-0.6028035010368611,2
-1.56562613075508,1.714003718502689,4
-1.9339763718081509,1.6960663923664756,1
3.8764354245927084,0.05047383342793221,3
4.425150508477384,-1.7585897010853058,3
-0.81246425661794,1.414148236098779,4
4.250103239513487,-1.2282820751853671,3
-0.9708187621049298,-0.9954829411026858,1
-0.4405432613047912,1.8573553005054524,1
0.12421291926116812,-1.716297196129037,1
-0.4344443743546736,0.7855469975693328,4
-1.2363243298740092,-0.2694905221830867,4
-0.05423882222176244,-0.21950605666057413,4
-2.0543610185750674,2.667750819123732,1
3.7462762370292157,-0.7505460835451726,3
-0.1929609296021951,-1.8175211806020448,2
-0.6261036237471012,2.860245666849069,4
-0.017699185765963035,-1.0773352137451395,4
-0.5827151039773383,-1.087063242547876,4
4.047738379944309,0.4892663210248808,3
-1.0171167537329222,-2.461027960293487,2
0.5255650751350494,-1.6357592185490895,4
4.2296983552122045,-1.2313130848617766,3
-0.715096345477049,2.633807957745467,4
-0.7878383089611194,2.197913821568409,4
-1.2577713514267108,1.7163024723610376,1
3.6240092311625878,-1.5786711408382748,3
-1.359765883359575,-3.272708840690668,4
3.962181299918301,-1.3459332619582536,3
4.177577732095351,-0.35272709908546596,3
-0.43544145981201854,-2.118194516734004,4
-0.8849571970188818,5.893330230694076,4
3.924009197856244,0.30046301361878686,3
-0.9450942134450684,-1.0529118155113963,4
-0.4380546178816398,0.907389393687474,1
0.8466097189803123,2.014284230430577,4
-0.9824806491709864,4.338539595734544,4
4.198313031478661,1.9733578445564692,3
-0.27406216975871434,-3.340387127345889,2
-1.1762485618769691,1.4165151572593375,2
-1.6686173791519596,2.3361615003460168,4
-1.6645475490319854,1.346126184098887,4
-0.7198276644611198,-2.036039929770177,4
-1.6870551706498098,-1.740820948847631,2
3.6516804064449473,-0.7393730860793916,3
-1.0902369011376707,-1.112233030435357,2
-1.0953650319671737,-1.5147064364137957,4
-1.4668787937056231,-2.3918725353624395,1
-1.3323469914874493,4.1384615083794785,4
-1.7719230829078452,-0.9769388536804174,1
3.9254972980906384,0.6936776844846884,3
0.5910061686845673,1.260004278018751,4
-1.6825031240399728,-0.9202610022597657,2
-1.4250720413522313,-1.5519447049493011,4
-0.3134185985163066,-2.100447271863582,4
3.5535319470467983,1.3304327750127243,3
3.9157834489934533,-0.2460859688622659,3
4.254615059041057,-1.1933511791505382,3
3.60306228862398,-0.14344296261381584,3
-1.697001844455583,-2.3989667681047875,2
-0.23052267061349252,-0.1057433622010374,4
-2.316241454842656,0.8728611106244609,4
-0.9258103407417152,0.5235969679227092,4
4.225167918881839,0.30383514035144404,3
-3.5218820539042066,-2.176986348406269,4
-0.8633948108257188,1.087407290713015,1
-0.4581851935203329,-2.412872634174479,4
-3.3536865105001032,-0.16131263884786842,2
0.42965817216095753,-0.3422807164887373,4
4.054157718385037,-0.8465076374066581,3
-1.1412355347069563,-0.9300366281610644,4
-0.7367870317398226,-1.8268966025504103,1
-0.8861117718199742,2.2683096267684126,4
-0.23204434380228237,1.4721877597274735,4
3.0902814333501,2.702382410511943,3
0.3188656299898394,-2.241731931136648,4
-1.6010701332137063,0.3983943200035426,4
-1.2568095799754466,-0.35179445380085844,1
-0.8249516260966658,0.17259222705477512,2
4.057188655595175,-0.5826746178691485,3
-0.4919067000289671,0.3561546249103496,4
-0.5590576562171484,-1.2954426729657342,4
-0.11647077307260541,0.045553357538942706,4
3.4029482591857034,1.3173171281792162,3
-0.6748008236528995,-2.15681616724225,4
3.993375889793436,1.6364386428925735,3
-0.8646757030927873,1.0710806356061593,1
-0.892127188072314,-3.1526358088360595,4
0.10201496996994555,-2.2291380168368096,2
-1.7479846758027984,-1.118334852703382,4
-2.5627946699998065,2.561582554170432,2
-1.1948767562669413,-2.113898826669755,1
-1.224906996947783,-0.8272732283226183,1
-0.23430138988851693,-0.02845147097611913,4
4.10910074914506,-1.219784328210454,3
0.2826717785058789,-0.1714058829169182,4
0.635770913877207,-0.01873776847514342,1
-0.6265303081814941,0.9693271039430555,4
-2.017205538486336,2.4113699401184796,1
-2.250642475750233,0.06997214298322364,1
-0.7092804322673507,0.6091708124005157,4
-0.5067067536377385,-1.8269365140798646,4
0.09999679369073562,1.4507010502395368,1
-1.5234247872812885,4.441385393856642,1
-1.5389459007515756,4.279223227943917,1
-0.4577576611062961,-2.234780500161676,1
0.588475377441644,-1.5636199392248817,4
-2.014504996866684,1.7998812123944667,1
-0.38854998892869175,1.2393891769961336,4
0.6187787688246632,-0.7161994624234262,1
-1.031837995527171,-1.5901631651097936,4
-0.7311651508233321,0.9772977657257975,1
3.745783636868534,1.8300411168804402,3
-0.48081218777975815,1.458998740154605,4
-0.7912992242053343,0.44262524714539614,4
-2.455164431424287,-2.5255859160711265,2
0.5239909555767364,-0.470468190615008,4
-0.9889593594541759,1.0775430867672278,4
4.055863062109108,0.9724860239159402,3
-1.089302624848629,1.3740526848697117,4
-0.3723567123639912,3.0744827918240496,4
-0.887631504296397,-1.079568127268357,1
-2.8933523835630393,-0.9677030690134878,4
-1.071992286763748,-3.5205091400602404,4
-2.2862311389506975,0.1606212967121284,1
-1.5513818853708783,4.798643904464352,4
3.279956207022432,1.4966553716770756,3
-0.6948600483146499,-1.8401654748311966,4
4.204649979463012,-1.7598672998755511,3
4.122514766515643,0.14530154311248542,3
0.13218291692552966,-2.095384085096596,4
-1.3371781556239204,-1.2902757095108144,4
1.2522255590117477,-2.6339235137881856,4
-0.710426375907586,-0.9457933717480899,4
0.5992004121630157,1.2647918503691082,4
3.546487702385834,2.0235421346870752,3
0.3210453081760563,1.5992889211497074,4
-0.5679105205447829,-0.13912461700676548,4
-0.4296821492233808,-2.2481334197298084,4
-0.4232046122612829,1.5541579637656064,1
-0.4119812602367812,-1.067475209538382,4
-0.7541673200124069,-0.5550909608029854,4
4.151656298532405,0.4448248712831333,3
-1.0304924899607464,-0.9807937658243354,2
4.0389326508438455,2.0934405066103126,3
-1.3746095465140542,0.6520047235317017,1
-2.254731756166767,2.8578098259142046,1
-2.276583102637083,-0.8910367738997967,1
-0.46696241917861125,-0.7744823997426376,4
-1.5061323212762363,-0.505182720366076,4
-1.0871532855452946,1.6577220196331288,2
-1.2169828435305132,-0.9823567682241724,4
-0.791277467440044,-0.015906471455565542,4
-0.5666073329716921,-0.4304182903454163,4
-1.2088478364594994,1.110141716100713,1
-1.6458755701703343,-1.3170520900986362,4
-2.9582546064615336,2.679130459047663,1
3.3677523085039773,3.6100418464352377,3
3.551003743978924,-0.5253703338554858,3
4.376218610483754,-0.4963674871291005,3
-2.7400134931993856,0.884221193837058,1
-0.45516108482693896,0.7511587247862693,4
-0.7431111730430843,1.646046962002185,4
-0.30989386287674003,-0.23191384022792033,4
-0.8378713022158857,-1.061618003030738,4
0.8110060518684171,-0.31149335921939714,4
0.4416936626297674,-0.8928986874421053,1
-0.573862131841976,-0.7358572830343016,4
-1.3947732606629766,0.61833536312331,1
-1.8099908813040146,2.9883908383684026,4
-2.639054802051047,-3.0020479479867648,2
4.011111746463967,0.6353391690590429,3
-2.4418053106044217,-1.3660334263872311,2
3.9894497027637845,-1.8600271483549329,3
-0.15492403586798487,1.4797372159859623,4
-0.288722587180344,-0.9694520104590155,4
4.552824599328824,-0.22276219879437353,3
-0.2729102148343406,1.6167753314197042,4
4.203976945070293,-1.855222364461169,3
-1.1412362873643327,-1.7274536613026514,4
-0.14606932077617304,0.20898511405308876,4
0.027602399035830158,0.16886177735773547,4
-1.3461030119974666,-0.507734378730954,4
-0.9314260792002435,1.9985829421691002,1
-2.047028688057388,-1.1879967098841007,1
3.9508068096539803,2.973421396459414,3
3.438931037762361,5.505309398954923,3
-0.7738348471287514,2.209139857988475,4
-0.5002775912000283,-3.145588188518839,2
-1.313044966736863,0.7531626190757857,4
4.219836490540576,-0.8824380386562007,3
-0.10308509977804463,-2.3285572576848255,2
0.13807587170272315,-0.7633664601861878,2
-2.036677047144203,1.724043717481089,4
-0.6152850710157087,-1.064692832163155,2
-1.3779404668506776,5.51591908069397,1
-1.6768921765733558,-4.335003078108595,2
-2.005342084806257,-0.07455917939582946,2
-1.3090435670206404,-3.1690734649938794,2
-1.503715939230915,0.5666176378311397,1
4.20865617319434,-0.28210530060769834,3
-0.7959748529373446,-0.5089683683987343,1
0.09462853611525662,-1.1026255463041856,4
-0.6381660143844158,1.9551713938486277,4
-1.8414700175256073,1.4357771661681835,1
0.36996207941544484,0.02007470031732488,4
-0.8433474469280747,1.5100172385840567,4
-2.1495660993420125,0.7524758926299547,4
0.4205201919770078,-1.3797945495192707,4
4.453875397483662,-0.5720868972317318,3
-0.8741118050849208,-0.05715683420905081,4
-0.8263276246133479,-1.232981736073352,4
-1.4071154038321603,-0.15528754586356008,2
-1.6784148888682002,4.377353040799262,1
-2.106920164931771,5.99152600987263,1
-0.17456384637689126,0.269262708157224,1
4.47316116766564,-1.0984147943710352,3
-1.5285295831055596,0.26185114570495993,1
-0.7601997814515564,4.173585096828383,1
-2.2201938962104104,2.373093434641958,4
3.8280186788562,1.9760708465486614,3
-1.562515383227702,-0.7462197254316232,4
4.433516070013582,-1.8274561546318517,3
-1.6502336383027372,-1.6175757988787751,2
0.3517181812548443,-1.7765362829451863,1
-0.620533229705301,3.0231825209283687,4
-0.5565163587268246,0.5868253477465973,1
3.831896203772996,1.1318337453360805,3
-0.5540244393015221,-2.6696561398022434,4
-0.10952345725812627,-1.1113788190238556,2
-0.6520994948485429,0.11484504950368365,4
-0.836367964865188,3.948391035127999,1
-1.5531507991873623,-0.6686422998128053,1
-2.0162093780205814,0.40171851764788874,1
-0.9133088726336235,-1.2868956048580042,4
0.1965893001073106,1.4819945382686446,4
-0.10371840985325265,-0.4257687081848382,4
3.804911012107167,0.9366005065954004,3
4.030054694382294,-0.8092596351536742,3
-0.5297336449457934,-1.4468794598936923,4
-0.4569896656551715,0.18475313519421468,4
-1.1318137822093552,-2.4503105901665503,4
-0.6494493802670033,1.4412375338610743,4
0.6585475636554761,2.984502406064483,4
0.16118249953758917,-0.25202247212724005,4
-1.7399352569969302,-0.7601492624004292,4
3.675164952414875,-0.3301840575870299,3
0.013709932743675405,-1.830596321762787,4
-0.8516065655917602,0.31667045493389206,1
-0.8182066263605379,1.966204745107359,1
4.130935444708553,-1.6439883725721551,3
1.7386805389276125,-0.8202916907119971,4
-1.4294333895833102,-3.3485353548292736,2
3.963521426216873,-0.25945341750803563,3
-1.9715128920150349,1.4216637748634517,2
-0.7846989949661685,-0.7067640316155279,4
-0.2426354410653815,-0.144728264297872,4
3.766327137813001,0.18205269074106217,3
-2.7782753889311707,-0.7370325365632938,1
-0.9122875392585523,0.962839274058685,4
-0.5262066860111507,-1.8472711300811362,4
0.36465976478131984,-0.057345173581485234,4
-2.8545217322779313,2.3150142862670413,4
0.34405913904172253,-1.4216578661638908,4
-0.9072254305809972,-1.4667144756254653,4
-0.050017744362307465,-0.4180244044858222,4
-0.5591176779825047,1.3004774413231277,4
-2.597015863089182,-2.004553013892179,2
3.4904321577911253,0.0771730050249168,3
-0.5219610038583166,0.5161413435545131,2
-0.12086362644441344,-2.7668250307682936,2
-0.7101072168606641,-2.543348772087832,4
-0.8901934046892632,2.3328354658338046,4
-0.504557321725304,0.4146245492585699,4
-2.311631727141545,2.7460045050863275,1
-0.12595479743543772,0.10868927279914681,4
4.07811202085437,-0.9639388275606009,3
-1.3096525126264214,2.4604451736399304,2
-0.8819416089725756,-0.8377949564157763,1
-1.9223540669033243,1.1720694049468257,1
-0.9551228217262984,0.06194798653768394,4
-1.3389237232239144,0.18827985916811707,4
-1.8569110456801112,-1.5557632469682217,4
-0.683133457766943,-0.8281217158103046,4
-1.3404422395411424,-0.9214512904000487,4
-0.7648133591519919,2.6229976923980436,4
-0.6188029878810983,-0.4168979018426659,1
-1.7567874792516178,-2.51307011888573,2
-1.1994429913999727,0.23292369806286778,1
3.774887236325862,-0.7929302284907017,3
3.9831432043122743,2.0159735290139467,3
-3.2732107290376162,-4.256230214904748,2
-0.5820080103237492,0.05191361143556717,4
3.817602134990944,-0.042333469789282985,3
-1.7773510962466326,-1.9212191388145288,1
-2.1526211911126474,-0.5966385529674255,2
4.093233215732185,-0.27779569890395256,3
-0.05078063661358657,1.5399907366158625,1
0.06830814845109394,-0.2325244429675064,4
-1.224476034473231,0.08273640012890056,4
-1.513762958209467,-1.1402479819363767,4
-1.2765627455661612,0.21319889545614196,4
3.861221962303766,3.3186532973599143,3
4.02221500528735,1.5513159063381816,3
0.00021942757475115442,-2.4768331931172365,4
3.5928997545266883,-0.29365527190510843,3
-0.5685647456495202,1.0784129764877306,4
-2.849660290777604,-1.5566686981239877,2
3.35591762075301,2.1358998345611506,3
-1.1037633964183617,8.345647365673377,4
-0.46243888767561847,-1.7811125976099476,4
-1.0731485119430524,2.937190798736405,1
1.2583507260618345,-2.54069087235806,2
-0.6534115570818891,-0.6001796453333464,4
-0.46710742691801765,0.727734665848964,4
0.03822419021221694,-0.08451873412188579,4
-0.8644176227481151,1.834298071348466,1
0.6870428909584593,-0.4944170828594506,4
-0.13659427314634612,-0.9715633690790103,4
0.1278406589226906,-0.21087588288435474,4
-0.9678871461168174,-1.7752907377152447,2
-1.00169812019215,1.4485122846614227,4
-2.0409858708896382,0.9285342488548229,4
-0.9676202950516803,1.0564613802561176,1
-0.9158902801378069,-1.408939959476298,4
-1.9527137565229884,-1.3942881489147314,4
-0.4162337203740799,1.293473743779888,4
-0.287614960525832,0.6176482127542705,4
-2.5497098966911484,1.0242065699500829,1
-0.6151586838226885,3.722889811861638,1
-1.6610543631214605,-2.1103156573487962,1
-0.4783158371690478,-0.23938672610697015,4
4.064742387408381,-1.2317106798574051,3
-0.17372790490483608,1.1248116248846778,4
-0.4871877589780558,2.245897409647475,4
-0.5787365931856085,-1.1247444530232864,4
-0.3577725762778354,0.8034155538197636,4
0.45349758194804496,-0.6558620129051846,4
3.698296862779275,-1.136560728647743,3
-1.247917998361851,2.6844640843278404,4
0.014994581309545323,-0.9174762490204705,4
-2.680883493123588,-1.514372805059288,4
-1.7932177347457616,2.2103062695653346,2
-0.870380644961425,-0.7048426749997688,4
-0.5937152245346505,-0.6423156435120133,4
-0.11573129840910629,-1.30355974681246,4
0.32651281937354953,2.1168745520894876,4
-2.4490369754805643,-0.569519767019547,2
0.12126910487325558,-0.4917644379452829,1
-0.5532864507327272,-0.9593794005241787,4
3.9226003735310324,-0.4162070858585405,3
4.029721200897723,1.4782458388169202,3
0.01729385213803728,-0.5890511609430971,4
0.3133370667511153,-1.164915366824957,4
3.7435647980622675,2.816967782468785,3
3.2509407492237665,0.5096141550321113,3
-2.086315520620584,1.0160099265739901,4
-0.5178213483105323,0.17341785529320292,4
4.452914477187167,-0.8409512783779232,3
-0.8093018649385175,3.050801018113364,4
-0.9371216005900688,3.869622049657195,4
-0.7976811374912746,2.0569336382603605,2
-0.9783365397230068,0.13125432337471518,4
-1.0769553441940012,0.9765436315379682,4
3.4814878230637714,0.8332479941279578,3
-1.108135902318483,0.18228160955999936,1
0.18386189301854342,-1.8322574130418545,4
-0.7037230031278311,1.105236532988224,4
0.436551423226496,-1.8690271706218509,4
-1.3294875229660137,-1.8304226480069539,2
0.8466759954185143,-0.513921643805937,4
-0.5296401841189785,1.738964181621527,4
2.9834634756922718,3.342860683554697,3
-0.2129411908664786,-1.7983420518105173,4
-1.9558650832696896,-1.2969664858797303,2
-0.18509070279296205,-2.4332934390870853,4
-1.8610742584472355,0.2746987847912153,2
-2.4246220857185476,-1.1872867810587382,2
-0.6220210108285323,-0.7087235462920555,4
-1.2725422220532985,-0.0060621174089851414,1
4.801827926609269,-1.721322518939191,3
1.4982219906578653,-1.4739368326163151,4
-0.260673466092803,-0.35179633905800956,2
-1.323814663670508,0.29369067572079893,1
-0.11725877613344748,0.6683985259560727,4
-1.326519830455583,-0.9686718246897336,2
-1.544937353983575,0.9792016894062514,4
-2.583136692627953,1.8443352030672904,2
-1.4067320420464227,-1.120858443473866,4
4.238656123450787,-1.6084114979552906,3
-1.6920776938136761,-1.0488200782396846,1
-2.980394014773602,0.7194243042106209,1
-0.6785125619114603,1.396086004326171,4
2.960156849615506,-1.5245938149393845,3
-2.4598566867103417,3.7669634734877366,4
-1.4646830233221306,-0.05010796276803175,1
-0.12264011366471776,-1.4007029560479076,4
-0.6116983767705172,4.662461436878433,1
-1.6526314625887637,2.1810716405136894,1
-0.8409916662169219,-0.8395725277034699,4
-0.2653663712159355,-2.6244893125019964,4
-2.1873344615283234,2.812904414297926,1
0.6756041780637433,-0.8577293975560824,4
4.281244350703912,-0.6995230839729254,3
-1.355691902969913,-1.0406668532033447,4
-1.2034789740136274,-0.6329048024616798,1
3.0725615352892044,2.2302103157532343,3
-1.2376199536121986,0.6326566113314469,1
-1.5500968276434794,0.9821904092423503,1
4.186361428816737,1.3141569097164685,3
-1.9473028436813693,-2.6019512435199577,4
-0.6379925046567321,-2.0385633859206402,4
-0.07659174030046564,-2.794194031233997,4
3.8294508820398336,2.0270460282290705,3
-0.05592499135763864,-0.8629364736112014,4
-0.2193815842150377,3.3448235882283974,4
4.277097828251044,-1.2363630998114357,3
4.189508982037935,-0.7659617696984289,3
-1.9924602791106925,-0.8930584650449197,4
-2.5150522254175405,2.925412951070616,1
-0.5257000212020386,-1.4898126824356188,4
-1.0077545628587494,-3.2396405603476484,4
-1.9341218592065874,-0.5718757399326586,4
0.05810907280162076,2.278868510606894,4
-1.0850375385803068,-0.5413700902018022,1
-1.1147434009858308,-2.533538187509047,4
-0.7545087040977078,-1.0718391299278136,4
-0.46408282337514944,1.9606648886042206,1
-1.5061300871797008,-0.5791583145130265,1
-0.7007592795623433,0.7659154738758513,4
-0.11811950886151945,-1.1629371134153432,4
3.6002251551251625,2.218012795206153,3
-1.6222361929215834,-2.123209050130816,2
-0.04320171727255446,-1.589677543348146,1
3.8167712791710655,0.8770987180498326,3
4.229205340291327,-2.727305814622184,3
4.121033349152576,-0.832488848597037,3
-0.8581362518673624,-1.0290161644423514,1
-1.860932966827634,0.7856315059531402,4
-0.781969560900468,-0.7591181931877575,4
-1.0296445758715582,3.0216252245280644,1
-1.411270022245873,5.188279395343011,1
-2.208724575411141,-0.8806184456012963,2
4.500455554095221,-1.3411763988685506,3
-0.7073413749747934,-0.17186776292951897,4
-0.1435621186306397,-1.8252520026635939,4
-2.005513535929444,0.12612856255815502,4
-0.22655881120041013,-0.7020971595252999,4
4.0278275677054145,-2.217490610636169,3
-2.216533636474399,0.6074083603681626,1
-0.9400585155310399,0.9350107886212881,4
0.48873894896574965,-2.1382146703786904,4
-1.925565782203429,0.3448600018477586,1
-0.6965615718267493,0.40515090843724216,4
-2.2652320938900496,-3.3509461946618977,2
-2.4609052599605334,-0.9905927136058128,2
0.5325764650096382,0.7674437673255924,4
-0.9764005019533203,-4.184860141845709,2
-2.5727388774143023,-0.017281191593836263,2
-0.1405911513090378,1.2310541554647008,4
3.7320065841430785,0.4576234312775004,3
-0.2547846621143569,-0.4794894774382084,4
-0.9898216585784209,-2.012528024415933,4
-1.4593318327564435,-0.08665229043599036,1
-1.374778009436598,-1.89335422932102,1
-1.0599002205289776,0.11796984070009689,4
-0.3903547448150378,1.1918272668519572,1
0.4851030342407135,1.2860355053456047,1
0.16614321020272738,0.2466137210976018,4
-1.4823180670349378,-1.4949163045945941,1
-1.2719154433750066,-2.3047677946176752,1
-0.39113902557564506,0.16189902442150575,4
0.11782903733214821,-1.9510950308361839,4
-0.3091107265593299,-2.0031476956736247,4
-2.0003874809247524,-1.4471589992372376,2
2.0178734715492324,-1.77783717150856,4
4.559076254196873,-1.6158237109552862,3
-2.157624764884971,-0.9263392925003183,4
-1.6703069514817852,-1.9393081282103983,4
3.895538286921938,-1.1485809938227025,3
1.690958836385298,-1.1601006025103988,4
-2.4878464539938965,2.7038306341138147,2
-0.4885677880226043,3.3662456467260022,1
-0.5825435833868303,1.3356083191797985,4
-1.3944006743898503,-0.37332235633698496,1
-0.9370719181928913,3.1073858657136393,4
-2.162307600157475,0.3701596434481283,1
4.574643485208321,-0.6710794565100957,3
0.0010697221243378295,-2.6728230448455013,4
-0.7334086114225805,0.7479590873503353,4
-1.6163039051643042,-1.5867975648765416,1
3.678590574584564,0.2056303647698272,3
-1.3730950107491953,-0.8121334417020423,4
3.420804664976056,-0.9808799197329972,3
-0.41930922647455277,-0.25860067933344244,1
0.41557951199586435,-0.5918054904721121,4
-1.3508693142119623,-0.3677693315501011,4
-1.3869990787054476,-2.3356285602627245,2
-0.560630528195298,-1.0363747155727001,4
-2.0412666578256604,-2.617184694169919,4
-0.5332052722388695,-1.282343729009456,4
-0.6217930731751826,1.0370177780373784,1
-1.3781395112525694,2.701932068614443,1
0.728063205174078,-1.7342061607765993,4
4.18897140111216,-1.7416353027040108,3
-0.7676710023068481,0.2384519920441475,4
-1.2015386273816444,-1.8980419425869623,2
4.128463912590748,-0.9220240192256555,3
-2.0076021229100713,-1.2559990857674732,1
-0.7811305496707687,-0.42519921395829474,4
-0.2614876209947418,0.39850442681880355,4
-2.6539689788954384,-1.850875825656996,4
0.6023740067598694,1.064359558515599,4
-1.212624030430121,-0.3477734969751254,4
-1.0045196081041226,0.9047858427688111,2
3.78681576292012,3.8669000350377933,3
-2.70256157851631,1.433798483008059,1
-0.10975265983167826,-2.8971992475593926,4
-1.3329547737763536,-0.5543168104752243,1
-1.097126216510698,1.368106908241324,1
-0.38724688387572054,1.9855404359194813,1
-0.43190406473804616,-2.351468656148528,4
-0.7825206557210759,0.08140347641122024,1
-1.9213255492986074,-1.38080213950642,2
-0.8615139036172792,-1.529489708048091,1
4.236963104715968,-1.5301025121138625,3
-0.5762901800123507,-1.567179963294337,2
-1.6607649360290717,3.4872097365941466,2
-1.321896095307931,-0.19438871017509649,1
-0.5523550690505912,4.057849384035393,4
-0.24130361533898292,0.2321941446914785,2
-0.6437608352850638,-1.2933807018039,4
3.7970789085929746,-1.7920969486160425,3
-0.41344085833073313,1.0618175103842686,4
-0.18861348749562545,-3.8886117446571697,4
-0.601389724230347,0.7614020997221176,4
0.8784511989882324,0.40153015391404684,4
-0.9970204311293417,-1.4201642404086405,1
4.089354701855001,1.3800007442544744,3
4.241814716718685,-1.1013706628047124,3
-0.5481900211331853,-1.3033076326600106,4
-0.9785282823149222,-0.21883104405611684,4
-0.6082182687167921,3.527745814066795,1
-0.7796975141786385,-0.7902592671736952,4
-1.4574438282614952,-2.0622540372772757,4
0.004366255396723742,2.602349325629877,4
-1.51554880449755,0.5087818341386287,1
3.3689133630598986,1.7383469660683533,3
-2.94367021586467,-0.2073253503672114,2
-0.2969383216708041,0.7329138791788944,4
-1.2403251259739505,-0.006550776322643848,4
4.180898004272594,-0.14988420070010108,3
4.052500197959022,-0.7148470968636177,3
-1.1395095352762494,1.491316192949915,4
-1.5772655630947952,-0.20896383446843628,2
-0.9614256275666089,-0.410621145561453,1
-1.623969484337879,1.4016245796610234,4
-0.8537945150198589,0.19718706634771074,4
-1.6057850253472612,-1.9011617605881996,1
-1.9587005182249804,-0.6060131097211767,4
-1.3777873058477808,0.4595977085463977,4
-0.17192790288235857,-2.0922164067614637,4
-1.0447505025893393,-3.2894640647613698,4
4.1517643727645215,2.2341246164479007,3
-0.5242380044277241,1.5299514392412217,4
3.8864173572114837,0.5910586061674986,3
-1.0044441951595218,0.9070827928201808,4
4.092470883834286,2.30540932921893,3
-1.2894565716795505,-2.254164302166825,2
-1.9548044337573756,-0.22163459187184043,1
0.21041144877287268,-1.8977331987235573,4
-0.17614982288992176,-1.4957041538653308,4
0.6713097164377625,-0.7943805861147262,4
0.1273494163820056,-1.5937130494685452,4
0.1699035884508469,-1.4628613649841347,4
-1.9278306703467796,0.8150152272982486,2
0.6771293703999158,-0.36822968101752146,4
-1.0833993307685865,2.052297030871808,2
-1.1621146624355831,1.1467923263556763,4
-0.4564805546416191,0.6480775961586821,4
0.20037545791365766,-0.5362002292732442,4
-1.4656302241132961,-0.36695669376605883,1
-0.015696351310911745,-0.7531534951060656,1
-0.4904962319866437,1.910571059154504,4
4.280271853167048,-2.28172694095153,3
-0.9499778070228099,1.881164270427659,1
3.714021438375496,1.2224300312602092,3
-1.259333209981143,1.5676783841458535,4
-0.2967342492055922,-0.772560865890039,4
3.9222413941803467,1.186451284307363,3
4.276146734842792,-0.5039588762144284,3
0.6095159773793779,-0.554696828610729,1
4.153072229778556,-0.2434875618651405,3
4.25675604143659,-0.8424089958511205,3
2.5943581490298113,3.441965194443631,3
-0.4272205766639076,1.8979757943671822,4
4.1061709695845,-0.22205706376414305,3
3.8565203618744084,1.2154788070597522,3
-0.2599150654165999,1.4923533422242174,4
-1.0651777258187296,-2.171678387117064,4
3.2193013990099195,0.79134890114842,3
4.20260624057378,-0.9965519583447173,3
-1.9340746670992293,0.6314706971343941,4
3.911694112960072,0.8413175904415,3
-2.1942447339808253,-1.4042606682211958,1
4.440630996433405,-1.3915866580076532,3
-2.0874084261830417,-2.204517852637649,2
0.3774137246667899,-1.5989531772757704,4
-1.1485277251586046,0.7624833499288409,4
-0.7398610331244679,-0.3476786957252213,1
-1.1401240364488394,2.39312103340329,4
-2.0380529008883017,-0.8178337407324976,2
-1.4991721647378276,2.3670552510249694,4
-0.9017294191004858,-0.5608746339005114,2
-1.57227562939113,0.1658981943912814,1
0.7326701061770159,0.14227562546526873,1
3.8118001455135206,-0.7966941553653565,3
0.26823206117237264,-2.2251644509834687,4
4.164070165932601,0.10291839780354227,3
-0.15410930491689476,-2.854366492967874,4
0.13526247065174052,-2.4331646159785927,4
-0.18572889073596632,-0.4122899512745547,4
4.2429571496683085,-0.751776694846845,3
-1.2102527512155803,-0.9035898458930361,4
4.515187923331668,-1.1149608077150939,3
-1.4488259321139225,2.0273276719604767,1
4.248290617670917,2.5176288154676763,3
3.2982061973831787,0.3323915649373979,3
-1.2181800599126158,-1.4026817510685825,1
-0.5495226144690415,-2.234657334148891,4
-0.040511175516633385,-0.47243184059973353,4
-0.6733821309735303,-0.4627647788452282,1
-1.548798498206039,-2.917156688125137,2
-1.9577365472927015,-0.7984137630159146,1
0.47363690572714534,5.502602801248174,4
-2.6602510335133025,0.5520653249578767,2
4.32320612719676,-1.1743760977329434,3
-1.1386902114069064,-2.1338514689229924,1
-1.4084020186674273,-1.4569322490226684,1
-1.8468223508606796,2.2726088931747683,4
-2.2302304637530463,-2.9319064397989982,2
-2.112984973713799,0.5390990481025725,1
-1.019497351098917,-0.5234522232689082,4
0.30234418683645936,0.4852099666716236,1
1.2616887691592036,-0.4473488449763195,2
-0.17648019026482825,-1.2489933155834305,2
-0.9107605719611056,-0.4694478622115281,2
0.2851693454264908,-2.6488693786115842,4
-0.27766077971054737,-1.496294352051488,2
4.237108551528728,-0.5913161800743435,3
3.158087629555551,0.6342171662714587,3
-0.23722628564373613,1.0446233366768318,4
-1.1771448484217988,-2.322341733789363,2
-1.2436579032349893,-2.5888958340525083,4
3.6822939026550405,1.7120015199385947,3
-1.076721216240835,-1.715092298769731,4
4.259408164980166,1.7887918621030283,3
-0.31579907883836683,0.4504526844917251,4
4.2574952715966035,-1.1134168862101195,3
4.268200899604046,-1.1173232957345636,3
-3.3644540252614874,0.3852071513050083,2
-0.11991339084254302,-0.774717997308762,4
3.6949498186007452,3.4285036696062865,3
3.930762982275104,0.12614695041657556,3
3.9455369050614504,0.10095222561100678,3
-1.686362413951025,-3.338939941166895,2
-1.647670360710133,-1.498225857532617,1
0.26224604057230616,-2.3278986859142634,4
-0.4128110493786759,-0.6453174309173941,4
-0.23113962746079775,-2.2330725160343747,4
-0.8148538416759197,1.612067908576394,4
0.13569724781885384,0.6996559753233533,4
-0.2718149816923296,-1.653754060166226,4
-1.3445362381215233,-1.1175878929996113,4
-0.3485999082045939,1.66931323904178,4
-0.6825366276589424,-0.7727087425186023,4
0.3282714148267323,1.129976026419957,4
-1.205788285705412,1.7261807763347192,1
-0.8798968757918645,-0.7190780696027325,4
0.4584115517987182,-0.31163965030589613,4
4.014543789926766,0.45597781573611396,3
-1.0077628611170824,0.08963820647318647,4
-0.7732449440146311,-0.21718125566166457,4
-1.588792395604137,3.5170364110754844,1
-1.2127340724121298,-0.09678857581376164,1
3.6508645234259456,1.9483335425170603,3
-0.6187701589571203,1.7704529327420735,1
-0.34674940400152726,-2.801009388272283,2
-0.6398675227454361,0.8055342850806777,1
0.8002756071404986,-0.2150903134038585,4
-0.5407620916736369,0.9230222192054707,4
4.597103685405424,-0.9282501633854723,3
-1.3505846888608621,-1.952872783234125,4
-1.131899317761124,0.8138299108461853,1
-0.42670218660674814,1.2250783688875493,4
-0.2364717956222984,1.568174649815062,1
-1.69366175288619,-1.28154147559782,4
0.11994193972838994,-3.0164319428008017,4
-0.3785346576100759,-0.3023689729695115,1
-0.6843654686237477,-1.3282324746002403,1
-2.2719260520147606,-3.358937677281499,2
-0.7637691399120424,-0.6664399497676339,4
-0.678276159592087,-1.0161586108794045,4
4.332642953078794,-1.8872146596549202,3
-1.4744212767937728,2.952826115626422,4
-1.5075575695175982,3.172970072844997,4
0.3677778248982086,-1.222927425180096,4
-2.6727537015362572,-1.3946408057497914,2
-1.4955236510180652,0.24893918335940418,2
4.273653519696475,-0.3037421590009343,3
-0.6472806814124004,0.7802048386994098,1
-1.5600951066006732,0.8202283731035036,1
-0.8404825923352557,3.3314355646877467,1
-0.9589653310191517,-1.2155388596418666,4
-0.9033792716110796,1.9526839994506038,1
3.293222759597008,-0.8166941368440944,3
-0.3977895545226674,-2.736484126930557,4
-1.2482117079264328,1.9811372065304544,1
3.9522396891140947,1.121047102791505,3
-2.162604529953371,0.8499927101818526,2
-2.381328005491001,1.7719752258410997,4
-0.5536990487377377,-1.7168798246192405,4
3.926406544547766,-0.019242917995641585,3
0.48136610153412,2.501300375409943,4
-2.390795263178816,-2.9096516357261146,2
-0.5710730108334262,-0.4083974117241859,4
-1.9176793924823758,-0.9746560774391689,4
-1.8590005407435877,0.7446238477258065,1
-0.10498031513515152,-2.050626989424222,4
-0.028517494468080558,2.00720620984211,4
0.17902891493851564,-0.6065580676109349,4
-1.9754347221425301,0.5165469625957797,2
-0.025184610713144616,-0.2277895588658242,4
-2.0803872124134135,-0.15437756192640442,1
-2.121491582860856,0.2880436088601645,4
3.6304304994033783,2.968001026987581,3
4.352476966481815,0.27747176102667004,3
4.485152591710495,-1.4197543638465928,3
-0.7432749464595154,-1.1906872719437707,4
-0.31729315638839284,-0.9286781433405968,2
-2.0433496728465532,-0.2647021751174231,2
-1.2392659792921157,-1.5987889966562348,1
-3.1730297008505386,-0.14345702848126718,1
-0.811080419638526,-0.45714904518716104,1
-0.894654402323377,0.39419671262138356,2
0.5564573424967567,1.3344623454907663,4
0.699822020341059,-2.581428642017513,1
-0.4424176128517622,-1.6169825129429243,4
0.12517481072794928,1.2956628544900042,1
-1.07134248245345,1.431013691858049,2
3.962681187392619,-0.34437439638020156,3
-0.9489895468273551,2.4439739471124913,4
-2.4048206179210836,6.52573158591414,4
-1.8230428515584536,1.4950683710784662,1
-0.4410115319631862,2.1849224460352232,4
0.07646404757161512,-0.40626708959846264,4
-2.227529168527318,-0.5812957875961119,4
-0.11315430046934678,-0.6587351193693778,4
4.119366338422033,0.3070267765707675,3
-0.5871984012691751,0.44245307351835506,1
-0.5576493657239701,-3.3101967506005514,4
-0.7191816395461221,0.08668757591806611,1
-0.5809132887290438,-1.3106715703246856,1
-0.021008134134246646,1.7715797117547807,4
-0.7585060297493884,0.03253744232095618,1
-0.4253066172968946,0.9534814774164007,4
4.121709750664273,-0.6618837722519519,3
-0.4982272782827169,1.2098700674498526,1
-1.937762614562223,0.06837873563726718,4
-0.5734335245611145,3.29250623735973,1
-0.5388866819985906,-1.9386240089604934,4
-0.33766967993289293,1.2108497587688891,4
-0.38385488201012197,1.7349437290607026,4
-0.5672871281864456,-0.8009505728850749,4
-0.4985904350272661,0.6813826374873009,4
-0.9347628158890832,-1.3681634091665245,4
-0.612488687700729,2.631578818884934,4
-0.8074531227497628,1.7057984637561916,4
-0.2755802171807047,0.3925600674312511,4
-0.08500422657794213,-1.2885050477981395,4
4.0862401211858606,-0.3111128254528902,3
-1.5022895003326944,-2.126353135909583,4
4.12063684644165,-0.0024624985890070255,3
-1.0865741151769504,0.40415000722246913,4
-1.5032826435293893,-0.5534052666337278,4
-1.2834119312697658,0.4554146359881425,1
-1.8906474146143804,1.1760320719942732,4
0.6011655774216382,-0.8026176870664986,4
3.9723057411919416,-0.22869390890663766,3
3.7763937678730466,2.5224509912494577,3
4.3151006058261325,-1.6749156040786668,3
-0.20622577028458577,-2.802822244896647,4
-1.9986149597776846,1.3552364194587463,4
-1.935114877534113,-0.6975330549775953,2
3.8107298874677253,-0.19473501418061073,3
-1.0263196190690318,1.0903068325887906,4
